id,organization_type,staff,population,reporting_year,total_scope_1,total_scope_2,total_scope_3
1,1,6848.0,,2011.0,6017.0,2170.0,59931.0
3,2,261.0,,2011.0,824.0,382.0,0.0
4,3,3000.0,94000.0,2010.0,19811.0,0.0,48674.0
7,2,557.0,,2011.0,17802.0,23319.0,0.0
8,1,2711.0,,2012.0,4132.0,2432.0,0.0
9,1,2732.0,,2011.0,,,
10,3,210.0,123476.0,2012.0,2284.0,231.0,4271.0
11,2,963.0,,2011.0,717.0,286.0,70757.0
13,2,250.0,,2018.0,882.0,36.0,98.0
15,2,250.0,,2011.0,2775.0,254.0,579.0
17,3,149.0,192000.0,2011.0,2261.0,424.0,8634.0
18,3,1887.0,1350683.0,2011.0,41799.0,2792.0,79526.0
20,3,2227.0,555999.0,2013.0,18858.0,3278.0,32655.0
23,3,2262.0,571675.0,2013.0,11164.0,1133.0,40535.0
24,2,450.0,,2011.0,548.0,52.0,260.0
25,1,4300.0,,2011.0,18915.0,538.0,205.0
29,1,1000.0,,2012.0,737.0,579.0,25107.0
31,1,3299.0,,2012.0,360.0,1306.0,5355.0
32,1,1823.0,,2012.0,0.0,177.0,4661.0
33,3,1800.0,380000.0,2011.0,12115.0,732.0,25654.0
34,3,1800.0,91000.0,2012.0,6395.0,2104.0,2306.0
35,2,1326.0,,2011.0,1831.0,80.0,493.0
36,1,579.0,,2011.0,2141.0,474.0,302.0
39,3,2393.0,119536.0,2013.0,5039.0,1119.0,20682.0
41,3,430.0,125000.0,2013.0,5968.0,494.0,325.0
42,3,122.0,57813.0,2012.0,557.0,69.0,915.0
43,3,119.0,64221.0,2012.0,2628.0,235.0,4369.0
44,3,461.0,283200.0,2011.0,18038.0,1089.0,6633.0
46,1,44.0,,2013.0,11.0,0.0,297.0
47,3,3400.0,1045146.0,2011.0,23219.0,4605.0,61268.0
48,3,2100.0,75500.0,2011.0,3279.0,1841.0,19195.0
50,3,4300.0,1215340.0,2012.0,11868.0,4307.0,59295.0
51,3,104.0,67055.0,2010.0,350.0,0.0,6850.0
52,3,280.0,69378.0,2009.0,1862.0,0.0,10896.0
53,3,400.0,271000.0,2009.0,2000.0,0.0,19576.0
54,3,2500.0,725794.0,2011.0,20100.0,0.0,64800.0
55,3,250.0,240000.0,2011.0,8024.0,5629.0,4398.0
56,3,6500.0,1500000.0,2011.0,41373.0,1705.0,175284.0
70,3,8200.0,2600000.0,2011.0,56979.0,4854.0,115475.0
72,3,800.0,263901.0,2012.0,7003.0,199.0,95987.0
77,1,2575.0,,2014.0,6296.0,2358.0,0.0
82,1,1673.0,,2014.0,614.0,1203.0,3733.0
83,3,5000.0,833000.0,2011.0,14747.0,30177.0,74982.0
91,1,263.0,,2014.0,274.0,21.0,233.0
92,1,1800.0,,2014.0,62521.0,598.0,913.0
96,1,1300.0,,2014.0,2963.0,414.0,0.0
97,3,3200.0,628733.0,2011.0,19469.0,1139.0,69400.0
99,3,197.0,75000.0,2012.0,2287.0,673.0,14619.0
106,1,1100.0,,2011.0,10481.0,111.0,0.0
108,1,894.0,,2014.0,28300.0,6196.0,29389.0
110,1,3000.0,,2013.0,26837.0,8112.0,34793.0
111,1,3000.0,,2012.0,28536.0,8291.0,35804.0
112,2,751.0,,2014.0,1948.0,2049.0,17882.0
113,1,578.0,,2014.0,,,
114,1,2740.0,,2014.0,1229.0,789.0,26454.0
123,1,5860.0,,2014.0,2547.0,2164.0,143298.0
132,2,2975.0,,2015.0,663.0,4460.0,11898.0
133,1,1185.0,,2014.0,78.0,256.0,0.0
134,2,2375.0,,2012.0,2588.0,426.0,5893.0
139,2,274.0,,2014.0,253.0,32.0,88.0
140,1,1100.0,,2014.0,405.0,431.0,3806.0
141,1,1142.0,,2014.0,22443.0,247.0,0.0
144,2,1840.0,,2014.0,,,
148,1,645.0,,2014.0,,,
149,1,7555.0,,2014.0,719000.0,175400.0,0.0
153,1,20000.0,,2014.0,119452.0,11783.0,37900.0
154,1,600.0,,2014.0,6776.0,31198.0,0.0
156,1,11182.0,,2014.0,4149496.0,11053.0,0.0
158,1,1100.0,,2014.0,3285.0,2458.0,0.0
160,1,850.0,,2015.0,1689.0,214.0,0.0
162,1,2516.0,,2015.0,3328.0,2067.0,0.0
163,1,508.0,,2014.0,1569.0,514.0,35060.0
164,1,2457.0,,2014.0,1374.0,821.0,22785.0
166,1,777.0,,2013.0,,,
167,1,1541.0,,2015.0,6720.0,2166.0,3045564.0
171,1,152900.0,,2014.0,10234177.0,835651.0,0.0
173,1,783.0,,2014.0,,,
174,1,4234.0,,2014.0,29362.0,1504.0,0.0
175,1,29107.0,,2014.0,167510.0,30486.0,0.0
176,1,2107.0,,2014.0,22388.0,2199.0,0.0
178,1,678.0,,2014.0,,,
179,1,2180.0,,2014.0,27843.0,2256.0,0.0
180,1,531.0,,2014.0,2639.0,1146.0,0.0
181,1,3055.0,,2014.0,5660.0,1626.0,120787.0
182,1,7531.0,,2014.0,13426.0,1436.0,0.0
187,1,1204.0,,2014.0,13349.0,261.0,0.0
188,1,1634.0,,2014.0,10725.0,5785.0,0.0
190,1,800.0,,2015.0,478.0,453.0,18475.0
191,1,14512.0,,2014.0,10645.0,3905.0,10983.0
193,1,4478.0,,2016.0,52074.0,6068.0,66065.0
194,1,2787.0,,2014.0,1767.0,1253.0,16298.0
195,1,474.0,,2014.0,656.0,209.0,3484.0
196,1,6316.0,,2014.0,16054.0,370.0,0.0
202,1,2224.0,,2014.0,1267.0,1165.0,14769.0
206,1,700.0,,2014.0,852527.0,6779.0,0.0
207,1,1179.0,,2014.0,1670.0,1042.0,0.0
208,1,1757.0,,2014.0,1637.0,570.0,18409.0
210,1,9500.0,,2014.0,34841.0,8830.0,0.0
211,1,1235.0,,2014.0,2066.0,374.0,95444.0
212,1,2500.0,,2014.0,320.0,170.0,30.0
214,1,660.0,,2014.0,2594.0,624.0,0.0
215,1,2720.0,,2014.0,,,
220,1,2774.0,,2014.0,871.0,1855.0,10485.0
221,2,3500.0,,2014.0,,,
222,1,1302.0,,2014.0,472.0,293.0,204.0
223,1,1180.0,,2014.0,578.0,375.0,9174.0
226,1,1285.0,,2014.0,5150.0,390.0,4758.0
227,1,3943.0,,2014.0,39252.0,7889.0,0.0
228,1,1978.0,,2014.0,7889.0,1851.0,27662.0
238,1,650.0,,2015.0,1549.0,437.0,0.0
240,1,750.0,,2015.0,2657.0,1809.0,0.0
242,1,629.0,,2014.0,2353.0,572.0,0.0
243,1,1650.0,,2015.0,2710.0,256.0,1168.0
244,1,638.0,,2014.0,,,
245,1,2977.0,,2018.0,4361.0,275.0,0.0
246,1,1592.0,,2014.0,209520.0,12318.0,0.0
247,1,644.0,,2015.0,681.0,38.0,0.0
248,3,7250.0,1463000.0,2013.0,,,
250,1,685.0,,2014.0,9231.0,712.0,2318.0
252,1,484.0,,2014.0,,,
256,2,365.0,,2014.0,263.0,0.0,77.0
257,1,1013.0,,2014.0,49576.0,6696.0,9570.0
258,2,350.0,,2011.0,509.0,51.0,92.0
263,2,713.0,,2014.0,975.0,170.0,0.0
264,1,9267.0,,2014.0,44455.0,71354.0,0.0
268,2,3000.0,,2010.0,5708.0,924.0,0.0
269,2,3100.0,,2014.0,4593.0,397.0,854.0
270,1,506.0,,2014.0,360.0,54.0,93.0
271,2,2073.0,,2011.0,0.0,0.0,0.0
272,1,3875.0,,2014.0,25722.0,4494.0,0.0
273,1,1159.0,,2014.0,3480.0,446.0,0.0
275,1,536.0,,2014.0,0.0,203.0,0.0
283,1,519.0,,2014.0,56.0,141.0,0.0
284,1,804.0,,2014.0,9085.0,100.0,12639.0
286,1,637.0,,2014.0,2779.0,1021.0,0.0
289,3,3513.0,174728.0,2014.0,11150.0,4839.0,0.0
291,1,1508.0,,2014.0,851.0,215.0,238.0
292,2,1100.0,,2013.0,4772.0,106.0,1776.0
293,2,400.0,,2014.0,2424.0,1442.0,771.0
294,1,14800.0,,2014.0,220.0,542.0,1239.0
295,1,870.0,,2014.0,1272.0,222.0,0.0
304,1,1450.0,,2014.0,1863.0,454.0,0.0
306,1,5612.0,,2014.0,1103.0,162.0,0.0
312,3,1000.0,270000.0,2015.0,12424.0,291.0,77959.0
317,2,10212.0,,2014.0,,,
321,2,1300.0,,2014.0,,,
323,2,344.0,,2014.0,,,
324,2,561.0,,2014.0,44.0,41.0,0.0
325,2,633.0,,2014.0,,,
327,2,7233.0,,2014.0,,,
328,2,1390.0,,2014.0,2346.0,71.0,0.0
329,1,2018.0,,2014.0,,,
331,1,618.0,,2014.0,1244.0,1738.0,28802.0
333,1,4750.0,,2014.0,,,
334,1,3733.0,,2015.0,9527.0,3245.0,27913.0
335,1,2760.0,,2014.0,248957.0,1157.0,0.0
337,1,1090.0,,2015.0,2188.0,1037.0,98886.0
338,3,772.0,106000.0,2013.0,3535.0,2101.0,23183.0
340,2,789.0,,2014.0,1213.0,51.0,285.0
341,1,500.0,,2014.0,74.0,177.0,4827.0
346,1,3300.0,,2014.0,25271.0,919.0,118196.0
347,1,646.0,,2014.0,,,
348,1,551.0,,2014.0,,,
352,3,960.0,62000.0,2014.0,2013.0,635.0,0.0
354,1,25.0,,2014.0,3223.0,365.0,71628.0
355,3,1473.0,195489.0,2014.0,4010.0,660.0,167.0
356,1,1370.0,,2014.0,,,
357,3,823.0,280169.0,2014.0,12686.0,2506.0,37067.0
358,1,655.0,,2014.0,,,
359,1,626.0,,2014.0,,,
361,1,1639.0,,2014.0,198016.0,7385.0,0.0
363,3,1300.0,60000.0,2014.0,3985.0,13030.0,27389.0
364,1,560.0,,2011.0,158357.0,71099.0,0.0
366,2,2490.0,,2014.0,10612.0,80956.0,25007.0
373,1,13000.0,,2014.0,6956.0,10542.0,15676.0
374,1,910.0,,2014.0,1612.0,1021.0,3130.0
375,1,773.0,,2014.0,53682.0,2817.0,20551.0
377,1,1168.0,,2014.0,13321.0,3813.0,0.0
381,1,783.0,,2013.0,1824.0,528.0,1045.0
383,1,1429.0,,2014.0,,,
385,1,3019.0,,2014.0,,,
386,1,925.0,,2014.0,,,
387,1,1125.0,,2014.0,4775.0,136.0,0.0
388,1,667.0,,2013.0,,,
402,1,789.0,,2015.0,2763.0,836.0,613.0
403,1,1621.0,,2014.0,,,
404,1,501.0,,2013.0,,,
407,1,783.0,,2014.0,1724.0,1100.0,688.0
409,1,527.0,,2016.0,904.0,285.0,0.0
412,1,893.0,,2015.0,,,
414,1,1913.0,,2014.0,226384.0,28926.0,0.0
415,1,765.0,,2011.0,1190.0,836.0,308.0
416,3,3428.0,2346000.0,2014.0,42395.0,19447.0,115870.0
418,2,298.0,,2014.0,,,
419,1,677.0,,2015.0,,,
420,1,564.0,,2015.0,,,
421,1,865.0,,2015.0,,,
422,1,849.0,,2015.0,,,
424,1,1000.0,,2014.0,6583.0,1417.0,0.0
427,1,1200.0,,2014.0,1072.0,529.0,0.0
428,1,486.0,,2014.0,525.0,724.0,0.0
429,1,2250.0,,2014.0,3802.0,3389.0,0.0
430,3,2913.0,154463.0,2014.0,12566.0,2519.0,4071.0
431,2,492.0,,2014.0,1319.0,753.0,350.0
433,1,709.0,,2014.0,83696.0,14778.0,0.0
434,1,1176.0,,2014.0,2561.0,89.0,868.0
436,1,454.0,,2016.0,104.0,1030.0,310.0
438,1,528.0,,2014.0,1293.0,321.0,0.0
439,3,789.0,153000.0,2013.0,1730.0,447.0,0.0
441,1,800.0,,2014.0,733.0,808.0,0.0
444,1,710.0,,2016.0,74.0,494.0,0.0
451,1,590.0,,2015.0,2039.0,291.0,598.0
452,1,1848.0,,2015.0,1829.0,405.0,0.0
453,1,3066.0,,2015.0,27823.0,9615.0,8190.0
454,1,2150.0,,2014.0,1465.0,1024.0,22099.0
455,1,815.0,,2014.0,1724.0,91.0,129192.0
457,1,2571.0,,2015.0,30.0,0.0,3018.0
460,1,2200.0,,2014.0,,,
462,1,5931.0,,2015.0,8158.0,4610.0,308325.0
463,1,618.0,,2015.0,251.0,80.0,1186.0
464,1,630.0,,2014.0,,,
467,1,450.0,,2015.0,646.0,136.0,0.0
469,2,949.0,,2015.0,,,
471,1,918.0,,2015.0,,,
473,4,868.0,,2014.0,3083.0,433.0,18754.0
474,3,1765.0,277740.0,2011.0,6184.0,363.0,14475.0
475,1,1241.0,,2016.0,1366.0,204.0,0.0
485,1,877.0,,2015.0,4238.0,1762.0,0.0
487,1,554.0,,2014.0,296.0,295.0,5337.0
488,1,495.0,,2014.0,887.0,260.0,6251.0
490,1,24000.0,,2014.0,,,
491,1,722.0,,2014.0,,,
494,3,253.0,79529.0,2013.0,1940.0,158.0,7191.0
497,2,1626.0,,2014.0,1178.0,621.0,0.0
499,1,585.0,,2014.0,45555.0,222.0,10196303.0
500,2,469.0,,2015.0,543.0,318.0,0.0
503,2,748.0,,2014.0,,,
507,2,3271.0,,2014.0,8093.0,1099.0,0.0
508,2,420.0,,2015.0,,,
510,1,1682.0,,2014.0,74472.0,22069.0,0.0
511,1,522.0,,2015.0,,,
512,1,755.0,,2015.0,0.0,0.0,0.0
513,5,1200.0,,2014.0,2611.0,289.0,0.0
514,1,1275.0,,2014.0,,,
516,1,650.0,,2015.0,829.0,345.0,0.0
522,1,1190.0,,2015.0,4111.0,841.0,0.0
525,1,752.0,,2014.0,22289.0,63.0,0.0
526,1,1100.0,,2015.0,3414.0,1376.0,1610405.0
528,1,500.0,,2014.0,27.0,269.0,0.0
529,1,4000.0,,2014.0,1243.0,2015.0,0.0
530,1,5000.0,,2014.0,2550.0,3812.0,0.0
531,1,1000.0,,2014.0,4195.0,670.0,0.0
532,1,500.0,,2014.0,259.0,297.0,0.0
533,1,500.0,,2014.0,1948.0,768.0,0.0
535,2,256.0,,2014.0,791.0,276.0,253.0
538,3,1463.0,61000.0,2014.0,16540.0,2058.0,9450.0
539,2,332.0,,2014.0,0.0,0.0,0.0
540,2,1579.0,,2015.0,,,
542,2,1260.0,,2015.0,,,
544,2,5600.0,,2015.0,,,
552,1,1358.0,,2014.0,,,
553,1,580.0,,2018.0,2029.0,253.0,0.0
554,1,530.0,,2014.0,,,
561,1,11260.0,,2014.0,4708613.0,1028784.0,0.0
562,2,800.0,,2015.0,1261.0,190.0,0.0
564,1,2503.0,,2014.0,,,
568,1,1078.0,,2014.0,,,
569,1,911.0,,2014.0,,,
570,1,13000.0,,2015.0,4527.0,11186.0,15774.0
571,1,460.0,,2014.0,,,
572,1,1479.0,,2014.0,,,
573,1,1121.0,,2014.0,,,
574,1,763.0,,2014.0,4882.0,364.0,0.0
575,1,884.0,,2014.0,,,
576,1,1513.0,,2014.0,,,
577,1,1523.0,,2014.0,14315.0,13488.0,0.0
578,1,1123.0,,2014.0,,,
579,1,730.0,,2014.0,,,
580,1,1446.0,,2014.0,,,
581,1,2154.0,,2014.0,,,
585,1,1280.0,,2014.0,,,
588,1,595.0,,2015.0,,,
589,1,548.0,,2015.0,348.0,421.0,0.0
590,1,1581.0,,2015.0,,,
594,2,3509.0,,2014.0,7799.0,1128.0,0.0
596,1,2000.0,,2015.0,1829.0,149.0,685.0
598,1,3368.0,,2014.0,66685.0,679.0,17581.0
600,1,1000.0,,2015.0,,,
601,1,3000.0,,2015.0,7548.0,1060.0,0.0
605,1,652.0,,2015.0,,,
613,1,2858.0,,2014.0,1243.0,1659.0,756.0
614,1,8450.0,,2015.0,,,
617,1,2000.0,,2014.0,5193.0,969.0,1392.0
619,1,1053.0,,2014.0,3568.0,225.0,897.0
621,1,8672.0,,2014.0,,,
622,1,10000.0,,2014.0,,,
623,1,10000.0,,2013.0,,,
624,1,10000.0,,2012.0,6812.0,6894.0,0.0
625,1,10000.0,,2011.0,,,
627,1,668.0,,2015.0,409.0,280.0,3404.0
630,3,2500.0,429681.0,2018.0,8378.0,644.0,0.0
633,2,1400.0,,2015.0,3449.0,542.0,717.0
636,1,1756.0,,2014.0,4561.0,364.0,0.0
637,2,551.0,,2015.0,,,
638,1,306.0,,2016.0,,,
639,1,3640.0,,2014.0,4117.0,4191.0,0.0
644,1,432.0,,2020.0,30719.0,41624.0,0.0
645,2,306.0,,2014.0,8112.0,719.0,1868.0
647,1,1968.0,,2014.0,7278.0,10186.0,0.0
648,1,750.0,,2014.0,231.0,179.0,8668.0
649,1,872.0,,2014.0,5055.0,10544.0,0.0
652,1,530.0,,2015.0,4142.0,700.0,0.0
667,2,1467.0,,2015.0,,,
671,1,567.0,,2014.0,384.0,174.0,0.0
672,1,2475.0,,2014.0,26153.0,9402.0,0.0
673,1,1399.0,,2014.0,499.0,291.0,0.0
675,1,1560.0,,2015.0,15530.0,2027.0,0.0
676,1,3996.0,,2015.0,17.0,1.0,5.0
677,1,540.0,,2013.0,1962.0,282.0,435.0
680,1,1100.0,,2014.0,1150.0,23604.0,0.0
681,1,1795.0,,2014.0,6267.0,1425.0,0.0
687,3,452.0,32040.0,2015.0,2014.0,457.0,3599.0
688,1,800.0,,2014.0,1180.0,2509.0,0.0
689,3,415.0,54000.0,2015.0,1318.0,297.0,9012.0
690,1,21429.0,,2015.0,9.0,1.0,2.0
691,1,124872.0,,2015.0,1880.0,89.0,425.0
694,2,335.0,,2014.0,1109.0,1066.0,345.0
695,1,2404.0,,2015.0,186.0,1218.0,0.0
697,1,1414.0,,2015.0,3812.0,1134.0,0.0
698,1,723.0,,2014.0,4450.0,915.0,584.0
699,1,810.0,,2014.0,9649.0,1771.0,980.0
701,1,764.0,,2014.0,1758.0,914.0,0.0
706,1,1000.0,,2014.0,174981.0,8977.0,0.0
709,5,648.0,,2015.0,1924.0,151.0,0.0
710,1,974.0,,2015.0,8134.0,2655.0,0.0
711,1,1931.0,,2014.0,31111.0,4444.0,0.0
713,2,1500.0,,2015.0,2018.0,563.0,551.0
715,1,2800.0,,2014.0,10063.0,2514.0,0.0
719,1,728.0,,2015.0,13591.0,65.0,6902.0
720,2,2400.0,,2015.0,3675.0,311.0,909.0
723,2,7967.0,,2015.0,12452.0,5804.0,83670.0
725,1,483.0,,2015.0,1155.0,1554.0,0.0
727,1,1077.0,,2015.0,1146.0,258.0,0.0
728,1,2144.0,,2014.0,117312.0,47779.0,28423.0
732,2,1290.0,,2015.0,279.0,160.0,0.0
740,1,548.0,,2014.0,492.0,7168.0,25356.0
741,2,791.0,,2014.0,85834.0,2815.0,31329.0
744,1,674.0,,2013.0,2655.0,72.0,6161.0
747,1,1912.0,,2014.0,12151.0,2610.0,0.0
749,1,2110.0,,2013.0,1536.0,1172.0,20420.0
750,1,726.0,,2014.0,7431.0,599.0,0.0
757,3,3011.0,160215.0,2014.0,3456.0,5693.0,0.0
765,5,2192.0,,2014.0,2537.0,559.0,645.0
767,1,750.0,,2014.0,831.0,222.0,217.0
768,1,756.0,,2014.0,295.0,52.0,2812.0
769,1,4805.0,,2015.0,9876.0,759.0,1528.0
771,2,594.0,,2014.0,13205.0,15100.0,0.0
773,1,498.0,,2014.0,15969.0,1871.0,0.0
775,1,616.0,,2014.0,1071.0,259.0,0.0
777,1,647.0,,2014.0,848.0,358.0,0.0
781,1,760.0,,2015.0,11747.0,1120.0,666.0
782,1,512.0,,2014.0,5993.0,1819.0,0.0
783,2,574.0,,2014.0,19396.0,6641.0,24084.0
785,1,1283.0,,2015.0,1451.0,746.0,0.0
790,1,792.0,,2015.0,1824.0,2836.0,4156.0
792,2,155000.0,,2014.0,1215120.0,314650.0,0.0
793,1,600.0,,2015.0,125286.0,45112.0,0.0
798,3,130.0,53000.0,2015.0,3309.0,659.0,685.0
799,2,370.0,,2014.0,587.0,0.0,0.0
800,1,600.0,,2014.0,130476.0,14329.0,0.0
801,1,561.0,,2014.0,45.0,41.0,0.0
802,2,3222.0,,2020.0,967.0,1159.0,2516.0
804,1,3218.0,,2014.0,60154.0,9979.0,0.0
805,1,8586.0,,2014.0,27503.0,6329.0,0.0
806,1,775.0,,2013.0,1291.0,698.0,0.0
807,1,664.0,,2015.0,4364999.0,1815.0,0.0
808,1,600.0,,2013.0,137295.0,24593.0,0.0
811,2,1600.0,,2014.0,3940.0,318.0,931.0
817,1,704.0,,2014.0,4513.0,1469.0,1689.0
826,1,680.0,,2014.0,2114.0,67.0,0.0
831,2,700.0,,2014.0,1112.0,66.0,0.0
832,1,480.0,,2014.0,2020.0,34.0,0.0
833,2,1173.0,,2015.0,2494.0,197.0,0.0
839,1,1985.0,,2015.0,8484.0,522.0,9359.0
840,1,1108.0,,2014.0,6430.0,359.0,0.0
841,1,539.0,,2015.0,21880.0,4346.0,570282.0
847,1,900.0,,2015.0,498.0,1812.0,115.0
851,3,422.0,52628.0,2013.0,558.0,53.0,0.0
853,2,600.0,,2014.0,567.0,343.0,2194.0
858,1,3552.0,,2014.0,1343.0,2393.0,0.0
859,1,815.0,,2015.0,2643.0,157.0,0.0
867,1,2300.0,,2015.0,27795.0,2682.0,0.0
868,1,1200.0,,2014.0,1733.0,1066.0,0.0
871,1,1000.0,,2015.0,2171.0,602.0,0.0
872,1,972.0,,2014.0,6266.0,274.0,0.0
875,1,1036.0,,2014.0,264.0,582.0,0.0
878,1,585.0,,2014.0,2221.0,756.0,0.0
879,1,6300.0,,2014.0,16054.0,370.0,0.0
882,3,2376.0,90000.0,2012.0,3819.0,39065.0,13095.0
883,1,1471.0,,2014.0,5409.0,938.0,0.0
885,1,11105.0,,2014.0,37.0,2732.0,3727.0
889,1,9494.0,,2014.0,5578.0,2129.0,55100.0
890,1,5441.0,,2014.0,8940.0,6467.0,0.0
894,2,842.0,,2014.0,517.0,296.0,214.0
895,2,1783.0,,2014.0,1355.0,1620.0,25754.0
899,1,800.0,,2015.0,20300.0,4613.0,0.0
901,1,8000.0,,2012.0,56437.0,95613.0,113259.0
904,1,1921.0,,2014.0,131138.0,26325.0,0.0
912,1,500.0,,2014.0,1695191.0,10255.0,0.0
918,1,600.0,,2015.0,3873.0,2276.0,645.0
921,1,586.0,,2014.0,3420.0,1051.0,0.0
927,1,658.0,,2014.0,616.0,98.0,0.0
934,1,500.0,,2015.0,1383055.0,103207.0,0.0
939,1,1000.0,,2015.0,968.0,122.0,0.0
940,1,623.0,,2014.0,1443.0,335.0,393.0
944,1,2736.0,,2014.0,17950.0,2770.0,0.0
946,2,1500.0,,2015.0,4924.0,379.0,0.0
948,1,841.0,,2014.0,1103.0,706.0,535.0
949,1,663.0,,2014.0,4593.0,1040.0,1532.0
952,1,930.0,,2015.0,15.0,413.0,788.0
958,1,2300.0,,2014.0,4817.0,291.0,8356.0
959,1,672.0,,2014.0,855.0,1959.0,0.0
960,1,681.0,,2014.0,1148.0,441.0,0.0
961,1,878.0,,2014.0,20569.0,13795.0,0.0
964,1,8300.0,,2014.0,2146.0,0.0,0.0
965,1,10399.0,,2014.0,85592.0,145784.0,1766887.0
979,1,10000.0,,2015.0,7280.0,6966.0,0.0
988,1,860.0,,2015.0,12269.0,413.0,12346.0
996,2,5656.0,,2015.0,10270.0,1792.0,0.0
998,1,830.0,,2015.0,2386.0,464.0,0.0
999,1,799.0,,2012.0,13377.0,344.0,0.0
1001,1,829.0,,2014.0,12461.0,1983.0,0.0
1002,1,4122.0,,2015.0,17430.0,3925.0,7969271.0
1004,1,1471.0,,2014.0,0.0,497.0,0.0
1006,1,1362.0,,2015.0,28042.0,7313.0,743440.0
1011,3,1300.0,215000.0,2014.0,8338.0,1800.0,17851.0
1016,1,9275.0,,2014.0,144502.0,13292.0,0.0
1025,2,944.0,,2014.0,2977.0,135.0,0.0
1031,1,566.0,,2014.0,71256.0,14057.0,0.0
1036,2,1023.0,,2013.0,1886.0,281.0,637.0
1038,2,1080.0,,2014.0,1244.0,247.0,0.0
1039,1,6400.0,,2015.0,21383.0,6056.0,0.0
1041,2,272.0,,2014.0,45468.0,321.0,0.0
1042,1,2813.0,,2014.0,5097.0,6114.0,25024.0
1043,1,1000.0,,2014.0,5984.0,725.0,1389.0
1045,2,1000.0,,2015.0,805.0,2440.0,484.0
1046,1,8093.0,,2014.0,7954.0,2614.0,0.0
1048,1,573.0,,2014.0,1518.0,115.0,0.0
1049,1,811.0,,2014.0,93.0,94.0,0.0
1051,2,600.0,,2015.0,421.0,59.0,0.0
1053,2,49105.0,,2014.0,13763.0,23083.0,224566.0
1054,3,1520.0,143600.0,2014.0,3695.0,1812.0,28504.0
1062,1,159616.0,,2014.0,21794.0,21933.0,17514.0
1070,3,70.0,63700.0,2013.0,8546.0,23.0,5317.0
1078,1,595.0,,2014.0,1561.0,181.0,6719.0
1081,1,900.0,,2014.0,65.0,22.0,0.0
1088,1,1500.0,,2015.0,196.0,47.0,0.0
1094,1,739.0,,2014.0,10405.0,121.0,0.0
1095,1,710.0,,2015.0,1948.0,128.0,6913.0
1101,2,450.0,,2014.0,381.0,35.0,0.0
1102,1,1241.0,,2014.0,12390.0,166.0,0.0
1107,3,739.0,222500.0,2016.0,11597.0,2373.0,0.0
1114,3,2450.0,758723.0,2012.0,16416.0,1668.0,0.0
1115,5,2051.0,,2015.0,3794.0,963.0,664.0
1120,1,1414.0,,2014.0,469478.0,136034.0,155322.0
1124,2,422.0,,2015.0,16.0,2120.0,0.0
1127,3,1031.0,148208.0,2013.0,6242.0,2457.0,1803.0
1128,1,1300.0,,2014.0,297.0,10.0,0.0
1135,2,722.0,,2015.0,6700.0,991.0,0.0
1139,1,2605.0,,2014.0,8439.0,10250.0,0.0
1140,1,3040.0,,2014.0,35230.0,971.0,0.0
1142,1,1790.0,,2015.0,4902.0,6542.0,0.0
1146,1,598.0,,2014.0,7050.0,230.0,0.0
1152,2,1048.0,,2015.0,240.0,195.0,118.0
1156,1,519.0,,2015.0,308.0,26.0,0.0
1166,1,3350.0,,2015.0,6965.0,406.0,0.0
1168,1,570.0,,2014.0,959.0,172.0,13693.0
1169,1,600.0,,2014.0,34752.0,73470.0,0.0
1171,1,604.0,,2014.0,154.0,222.0,0.0
1178,1,1765.0,,2015.0,2702.0,355.0,7604.0
1189,2,1809.0,,2015.0,2711.0,581.0,692.0
1192,1,870.0,,2014.0,1912816.0,13119.0,0.0
1195,2,690.0,,2014.0,51165.0,15332.0,16552.0
1203,2,841.0,,2011.0,2229.0,412.0,0.0
1204,1,23404.0,,2014.0,38322.0,8736.0,0.0
1206,1,1024.0,,2014.0,1064.0,7.0,0.0
1220,1,3750.0,,2011.0,19413.0,1061.0,0.0
1221,2,411.0,,2014.0,1655.0,195.0,510.0
1222,3,18.0,53199.0,2014.0,20.0,22.0,8225.0
1223,1,740.0,,2016.0,29546.0,1288.0,0.0
1225,1,156.0,,2016.0,62.0,34.0,44070.0
1226,1,2101.0,,2015.0,4926.0,80.0,0.0
1229,1,1800.0,,2014.0,5438.0,659.0,0.0
1233,1,1064.0,,2014.0,4200.0,2178.0,0.0
1236,1,1052.0,,2014.0,119.0,56.0,6073.0
1240,2,2500.0,,2015.0,4799.0,368.0,0.0
1243,5,1000.0,,2015.0,1955.0,239.0,0.0
1244,2,506.0,,2015.0,1450.0,12.0,1825.0
1246,1,543.0,,2015.0,613.0,201.0,157.0
1248,1,800.0,,2015.0,3106.0,968.0,0.0
1254,1,2533.0,,2014.0,4715.0,2433.0,35269.0
1255,1,680.0,,2014.0,1472.0,797.0,1427.0
1256,1,1060.0,,2015.0,814.0,1854.0,335.0
1258,3,52000.0,2265886.0,2014.0,59497.0,59248.0,187359.0
1261,1,1101.0,,2014.0,23067.0,426.0,0.0
1266,1,542.0,,2015.0,947.0,636.0,0.0
1267,1,596.0,,2015.0,3394.0,721.0,0.0
1268,3,11576.0,855400.0,2014.0,28134.0,7786.0,171370.0
1273,1,1281.0,,2014.0,9872.0,57.0,0.0
1274,1,564.0,,2014.0,11447.0,119.0,0.0
1275,1,539.0,,2014.0,5133.0,36.0,0.0
1283,2,2684.0,,2015.0,3380.0,408.0,0.0
1286,1,74805.0,,2015.0,792120.0,119987.0,0.0
1289,3,3245.0,179000.0,2014.0,17046.0,3781.0,62330.0
1291,1,995.0,,2015.0,412060.0,5065.0,94805.0
1292,2,320.0,,2014.0,298.0,390.0,0.0
1297,2,300.0,,2015.0,634.0,81.0,0.0
1298,2,13751.0,,2015.0,3276.0,9626.0,149528.0
1307,1,500.0,,2014.0,275.0,55.0,52.0
1311,2,2800.0,,2014.0,2617.0,581.0,0.0
1318,1,648.0,,2015.0,11023.0,2553.0,0.0
1321,3,4244.0,1273233.0,2015.0,14764.0,3129.0,60635.0
1328,1,555.0,,2015.0,4208.0,930.0,0.0
1334,1,676.0,,2015.0,1140.0,314.0,0.0
1335,1,1542.0,,2014.0,5662.0,525.0,0.0
1336,1,1056.0,,2014.0,19139.0,118.0,0.0
1339,2,1250.0,,2015.0,1504.0,127.0,6775.0
1342,3,148.0,77852.0,2014.0,2016.0,49.0,0.0
1343,2,2500.0,,2015.0,1688.0,50.0,0.0
1345,1,609.0,,2015.0,1960.0,1140.0,0.0
1350,1,638.0,,2014.0,183.0,66.0,3189.0
1351,1,943.0,,2014.0,6363.0,312.0,57825.0
1353,5,1700.0,,2014.0,3088.0,179.0,0.0
1354,1,1204.0,,2014.0,1780.0,584.0,0.0
1357,2,1689.0,,2015.0,4202.0,482.0,1030.0
1363,1,721.0,,2015.0,10358.0,830.0,0.0
1366,1,5300.0,,2015.0,2870.0,1850.0,830.0
1368,1,1110.0,,2014.0,1394.0,5013.0,0.0
1374,1,507.0,,2015.0,598.0,636.0,0.0
1375,1,18784.0,,2015.0,457333.0,8841.0,381482.0
1377,3,1381.0,298248.0,2014.0,16286.0,599.0,3929.0
1389,1,7536.0,,2014.0,2707.0,1985.0,7492.0
1395,1,2451.0,,2014.0,1037.0,1985.0,0.0
1396,1,1491.0,,2014.0,769.0,418.0,0.0
1399,1,1244.0,,2015.0,26538.0,3233.0,0.0
1400,1,720.0,,2014.0,994.0,335.0,0.0
1401,5,860.0,,2014.0,1212.0,233.0,0.0
1403,1,1494.0,,2015.0,55906.0,8998.0,0.0
1406,1,1800.0,,2014.0,2665.0,150.0,11518.0
1408,1,515.0,,2015.0,2297.0,648.0,0.0
1410,5,871.0,,2011.0,1260.0,117.0,6194.0
1411,1,1018.0,,2015.0,7552.0,2860.0,0.0
1412,1,52500.0,,2014.0,280854.0,56783.0,926.0
1416,1,519.0,,2014.0,3345.0,92.0,0.0
1417,2,1161.0,,2014.0,4606.0,593.0,0.0
1419,1,819.0,,2014.0,18725.0,2040.0,0.0
1421,1,551.0,,2015.0,28555.0,31.0,0.0
1425,1,707.0,,2014.0,4165.0,274.0,0.0
1429,2,404.0,,2014.0,208.0,14.0,0.0
1432,1,1941.0,,2015.0,879.0,7717.0,0.0
1435,1,1100.0,,2015.0,51965.0,6842.0,0.0
1436,2,1559.0,,2015.0,2256.0,278.0,0.0
1438,2,300.0,,2015.0,2267.0,342.0,0.0
1442,1,2416.0,,2015.0,5648.0,5124.0,0.0
1445,1,1350.0,,2015.0,1450.0,417.0,7576.0
1446,3,2300.0,118634.0,2015.0,4309.0,3073.0,0.0
1447,1,2318.0,,2015.0,5897.0,2025.0,1346.0
1449,2,557.0,,2015.0,1069.0,61.0,0.0
1451,4,589.0,,2015.0,261.0,108.0,5934.0
1453,1,2052.0,,2015.0,1116.0,918.0,11318.0
1459,1,1400.0,,2015.0,115335.0,15715.0,0.0
1461,1,3403.0,,2015.0,87791.0,12761.0,0.0
1462,2,360.0,,2013.0,458.0,19.0,0.0
1466,1,760.0,,2019.0,135369.0,6894.0,0.0
1473,1,643.0,,2017.0,17698.0,2212.0,0.0
1475,2,342.0,,2015.0,589.0,21.0,0.0
1483,2,2178.0,,2017.0,4186.0,503.0,0.0
1492,5,2439.0,,2014.0,1355.0,385.0,0.0
1494,1,650.0,,2015.0,1945.0,604.0,0.0
1496,1,38801.0,,2015.0,1664.0,522.0,20815.0
1497,1,1502.0,,2015.0,416.0,417.0,13734.0
1500,1,524.0,,2015.0,34748.0,24327.0,10243.0
1501,1,4000.0,,2014.0,4625.0,912.0,0.0
1502,5,3058.0,,2014.0,3327.0,1109.0,22960.0
1503,1,1600.0,,2015.0,52220.0,11255.0,0.0
1512,1,1375.0,,2016.0,2842.0,62.0,103970.0
1515,1,2437.0,,2015.0,42610.0,6190.0,0.0
1523,3,1800.0,113000.0,2014.0,8015.0,2478.0,0.0
1525,1,1360.0,,2015.0,1080.0,162.0,198.0
1527,3,1400.0,267759.0,2014.0,13793.0,1331.0,0.0
1529,1,3776.0,,2015.0,42002.0,3720.0,0.0
1538,5,795.0,,2015.0,246.0,94.0,0.0
1544,1,1230.0,,2015.0,556.0,72.0,7.0
1554,2,220.0,,2015.0,96.0,26.0,0.0
1559,3,625.0,118277.0,2015.0,2412.0,480.0,20875.0
1560,1,800.0,,2015.0,2040.0,5.0,529.0
1570,1,612.0,,2015.0,10532.0,21321.0,0.0
1572,1,750.0,,2016.0,9306.0,2026.0,0.0
1574,2,1354.0,,2014.0,2328.0,373.0,6864.0
1578,1,839.0,,2015.0,1161.0,162.0,0.0
1579,1,3675.0,,2016.0,104387.0,1462.0,0.0
1585,3,2800.0,770000.0,2015.0,11374.0,1101.0,78246.0
1587,1,942.0,,2016.0,1424.0,58.0,2786.0
1589,1,12859.0,,2015.0,10298.0,7875.0,23779.0
1592,2,1641.0,,2015.0,780.0,1422.0,0.0
1593,3,5186.0,1029000.0,2014.0,18250.0,1328.0,4423.0
1595,3,564.0,55000.0,2015.0,1209.0,447.0,0.0
1597,3,300.0,95000.0,2013.0,2600.0,824.0,22920.0
1598,1,600.0,,2015.0,90.0,26.0,26.0
1600,1,1294.0,,2016.0,685.0,15.0,3852.0
1610,2,750.0,,2015.0,2381.0,610.0,4066.0
1611,2,316.0,,2015.0,181.0,31.0,0.0
1613,2,800.0,,2015.0,1465.0,61.0,0.0
1617,2,409.0,,2014.0,623.0,570.0,0.0
1618,4,261.0,,2013.0,1245.0,2511.0,284.0
1620,1,1156.0,,2015.0,1999.0,3820.0,0.0
1621,1,2099.0,,2015.0,2223.0,159.0,0.0
1624,4,2144.0,,2015.0,835832.0,8.0,178692.0
1625,1,504.0,,2016.0,6288.0,1522.0,0.0
1626,2,4466.0,,2015.0,13385.0,800.0,0.0
1629,2,280.0,,2015.0,22695.0,3238.0,0.0
1631,3,64.0,60476.0,2015.0,860.0,391.0,2800.0
1632,1,1100.0,,2015.0,272.0,1136.0,7454.0
1642,1,1450.0,,2016.0,14091.0,2629.0,0.0
1644,1,9217.0,,2015.0,4659.0,1345.0,2484.0
1645,1,674.0,,2015.0,7327.0,708.0,0.0
1657,1,1108.0,,2015.0,81.0,442.0,94.0
1660,1,34000.0,,2015.0,36786.0,10334.0,0.0
1661,2,430.0,,2015.0,362.0,36.0,82.0
1662,2,22500.0,,2015.0,30969.0,3777.0,7872.0
1663,2,1990.0,,2015.0,2176.0,726.0,19283.0
1664,2,862.0,,2015.0,1914.0,325.0,0.0
1666,1,1200.0,,2014.0,2792.0,813.0,0.0
1670,2,733.0,,2015.0,88145.0,2351.0,29997.0
1674,1,800.0,,2015.0,8403.0,13974.0,56484.0
1675,1,1200.0,,2015.0,20121.0,3708.0,2816.0
1677,1,1958.0,,2014.0,1703.0,391.0,0.0
1678,2,981.0,,2015.0,1545.0,359.0,503.0
1679,2,1626.0,,2015.0,2632.0,276.0,515.0
1680,3,1813.0,44300.0,2015.0,6486.0,630.0,4531.0
1681,1,3252.0,,2015.0,1410.0,927.0,0.0
1682,2,11189.0,,2015.0,16444.0,2817.0,3090.0
1684,3,2098.0,375226.0,2015.0,8596.0,929.0,1857.0
1689,1,516.0,,2015.0,490.0,525.0,507.0
1690,2,1167.0,,2013.0,1859.0,514.0,1217.0
1699,2,455.0,,2015.0,691.0,200.0,118.0
1700,1,1472.0,,2015.0,5836.0,130.0,1399.0
1701,1,2560.0,,2014.0,1872.0,728.0,0.0
1702,2,418.0,,2015.0,1148.0,47.0,227.0
1705,1,2346.0,,2015.0,899242.0,155654.0,259020.0
1708,1,2100.0,,2015.0,1590.0,532.0,15755.0
1709,3,1230.0,69488.0,2015.0,19463.0,2383.0,0.0
1710,3,109.0,113883.0,2015.0,7534.0,953.0,0.0
1711,1,914.0,,2015.0,3813.0,49.0,940.0
1712,5,3000.0,,2015.0,6384.0,895.0,0.0
1715,1,837.0,,2015.0,129703.0,5178.0,0.0
1716,1,6200.0,,2014.0,25687.0,2543.0,0.0
1720,2,274.0,,2015.0,124.0,109.0,0.0
1721,5,1487.0,,2015.0,3617.0,458.0,0.0
1723,1,5316.0,,2015.0,1826.0,549.0,29449.0
1728,2,6131.0,,2014.0,4192.0,6213.0,0.0
1729,1,1199.0,,2015.0,1139.0,576.0,0.0
1733,3,6500.0,1500000.0,2014.0,37583.0,2131.0,109992.0
1739,1,541.0,,2015.0,2439.0,33.0,584.0
1742,1,511.0,,2011.0,3828.0,807.0,0.0
1749,5,1000.0,,2015.0,4426.0,1838.0,0.0
1751,2,413.0,,2015.0,954.0,107.0,0.0
1758,1,550.0,,2015.0,966.0,312.0,0.0
1759,2,10679.0,,2015.0,6878.0,15685.0,898.0
1760,1,500.0,,2016.0,2528.0,362.0,0.0
1764,1,6553.0,,2015.0,53656.0,27902.0,0.0
1765,1,487.0,,2016.0,1560.0,168.0,0.0
1767,1,3247.0,,2015.0,9048.0,1790.0,0.0
1769,3,924.0,56000.0,2015.0,3170.0,1388.0,766.0
1770,2,2442.0,,2013.0,6527.0,787.0,0.0
1773,3,324.0,80000.0,2015.0,3508.0,695.0,1025.0
1774,5,973.0,,2015.0,1585.0,215.0,0.0
1779,1,662.0,,2015.0,447685.0,16.0,76178.0
1780,1,820.0,,2015.0,106259.0,6714.0,0.0
1781,3,1800.0,92000.0,2015.0,4843.0,1956.0,0.0
1783,3,8300.0,2600000.0,2014.0,43024.0,4594.0,103343.0
1788,1,289.0,,2014.0,2150.0,105.0,0.0
1789,1,559.0,,2014.0,1729.0,23.0,0.0
1797,1,640.0,,2015.0,1405654.0,20679.0,0.0
1800,1,950.0,,2015.0,89289.0,4255.0,849.0
1802,1,817.0,,2015.0,519.0,18.0,388.0
1803,1,700.0,,2014.0,470.0,395.0,7233.0
1807,3,2178.0,381927.0,2015.0,4393.0,276.0,25727.0
1812,2,415.0,,2015.0,42031.0,37278.0,0.0
1814,1,2700.0,,2016.0,4376.0,2405.0,495.0
1815,2,1090.0,,2015.0,1885.0,92.0,373.0
1817,2,1730.0,,2015.0,2575.0,896.0,0.0
1819,1,1300.0,,2015.0,7753.0,2141.0,0.0
1823,2,442.0,,2015.0,277.0,53.0,0.0
1825,2,350.0,,2015.0,61.0,84.0,14.0
1829,1,570.0,,2014.0,1289.0,631.0,0.0
1839,2,1136.0,,2015.0,2289.0,152.0,0.0
1840,1,715.0,,2015.0,88.0,365.0,0.0
1842,1,519.0,,2015.0,2000.0,423.0,0.0
1843,1,682.0,,2015.0,1914.0,438.0,13595.0
1849,1,746.0,,2014.0,287.0,78.0,0.0
1852,3,2562.0,542000.0,2011.0,11617.0,888.0,43969.0
1857,3,2200.0,147192.0,2014.0,5227.0,2253.0,13760.0
1860,1,1670.0,,2015.0,2336.0,146.0,4541.0
1869,1,808.0,,2014.0,580.0,2.0,0.0
1871,2,3300.0,,2015.0,4997.0,1587.0,879.0
1876,1,866.0,,2014.0,293.0,227.0,4830.0
1883,2,374.0,,2015.0,1245.0,69.0,0.0
1884,2,1829.0,,2014.0,939.0,1657.0,0.0
1888,1,708.0,,2015.0,4692.0,932.0,0.0
1891,1,550.0,,2015.0,6715.0,1649.0,0.0
1893,1,4342.0,,2016.0,757.0,24.0,0.0
1902,1,1597.0,,2013.0,22966.0,4887.0,0.0
1909,2,1244.0,,2014.0,1617.0,251.0,0.0
1911,2,430.0,,2015.0,736.0,36.0,0.0
1917,2,684.0,,2015.0,2174.0,0.0,0.0
1921,1,1367.0,,2015.0,6186.0,880.0,0.0
1924,2,320.0,,2015.0,49.0,490.0,0.0
1928,1,1409.0,,2013.0,1554.0,542.0,12879.0
1929,1,1522.0,,2016.0,0.0,246.0,0.0
1930,2,999.0,,2015.0,1968.0,2478.0,11280.0
1933,1,858.0,,2015.0,606.0,686.0,376.0
1934,2,750.0,,2015.0,68600.0,3693.0,24655.0
1935,1,543.0,,2016.0,5980.0,306.0,0.0
1936,1,709.0,,2014.0,869717.0,0.0,2815846.0
1947,4,10615.0,,2014.0,13837.0,16191.0,60532.0
1953,1,1579.0,,2015.0,444.0,395.0,11843.0
1959,1,20651.0,,2016.0,9082.0,0.0,5585.0
1961,1,680.0,,2015.0,391.0,242.0,0.0
1968,2,600.0,,2015.0,426.0,61.0,0.0
1979,1,492.0,,2015.0,1538.0,633.0,0.0
1982,1,1200.0,,2013.0,2197.0,1251.0,11323.0
1987,1,550.0,,2013.0,2285.0,426.0,0.0
1990,1,450.0,,2015.0,1538.0,633.0,0.0
1992,5,1033.0,,2015.0,10801.0,259.0,0.0
1998,3,6777.0,1298562.0,2013.0,36634.0,993.0,54782.0
2002,1,528.0,,2014.0,347.0,7.0,0.0
2006,1,1176.0,,2016.0,540.0,13.0,4153.0
2007,2,650.0,,2015.0,1249.0,177.0,306.0
2010,1,9435.0,,2014.0,32413.0,16281.0,0.0
2011,1,18342.0,,2016.0,6778.0,159.0,47416.0
2013,1,2508.0,,2016.0,502.0,16.0,4448.0
2017,1,852.0,,2014.0,117.0,282.0,4688.0
2018,1,1350.0,,2015.0,17150.0,993.0,4261.0
2019,1,535.0,,2016.0,213.0,16.0,3936.0
2022,1,491.0,,2014.0,7683.0,253.0,0.0
2023,1,611.0,,2014.0,4650.0,75.0,0.0
2024,1,472.0,,2017.0,21396.0,842.0,51464.0
2027,1,750.0,,2017.0,1646.0,630.0,0.0
2031,3,2500.0,160000.0,2013.0,3390.0,670.0,9709.0
2032,3,2500.0,85000.0,2012.0,6336.0,1264.0,16120.0
2036,1,509.0,,2015.0,1113.0,152.0,0.0
2040,1,1143.0,,2015.0,2748.0,416.0,3801.0
2043,1,764.0,,2014.0,313.0,643.0,0.0
2049,1,1304.0,,2014.0,89.0,260.0,0.0
2054,1,504.0,,2015.0,391.0,47.0,0.0
2056,2,2743.0,,2015.0,6687.0,534.0,13500.0
2057,1,1555.0,,2014.0,230.0,9.0,0.0
2059,1,1200.0,,2015.0,469.0,579.0,143.0
2061,2,800.0,,2014.0,1260.0,124.0,0.0
2064,1,3667.0,,2016.0,751.0,16.0,5646.0
2066,1,4700.0,,2014.0,14722.0,4506.0,79373.0
2072,1,1575.0,,2014.0,2391.0,361.0,3615.0
2077,3,694.0,59000.0,2015.0,1661.0,0.0,6065.0
2080,2,6515.0,,2015.0,13547.0,2293.0,23390.0
2081,1,5500.0,,2012.0,16874.0,1387.0,51405.0
2083,2,319.0,,2016.0,364.0,31.0,0.0
2088,1,572.0,,2016.0,12519.0,4793.0,0.0
2089,1,700.0,,2014.0,3781.0,2197.0,1509.0
2090,1,500.0,,2016.0,391.0,263.0,15050.0
2092,1,1027.0,,2014.0,18869.0,257.0,0.0
2093,2,970.0,,2015.0,1886.0,69.0,338.0
2095,1,1260.0,,2016.0,158.0,1842.0,202.0
2096,2,591.0,,2015.0,323.0,68.0,870.0
2099,2,1200.0,,2016.0,3556.0,296.0,14223.0
2100,3,2350.0,76770.0,2015.0,3444.0,1718.0,0.0
2101,1,450.0,,2012.0,1158.0,150.0,0.0
2103,3,1608.0,498448.0,2015.0,83213.0,9641.0,99416.0
2106,2,187.0,,2015.0,187.0,21.0,1220.0
2107,1,5700.0,,2015.0,13480.0,7420.0,0.0
2109,1,900.0,,2014.0,343.0,15.0,0.0
2112,1,1127.0,,2016.0,4228.0,547.0,0.0
2114,2,566.0,,2015.0,2182.0,291.0,420.0
2119,2,241.0,,2015.0,510.0,41.0,115.0
2123,1,1980.0,,2016.0,2219.0,1676.0,0.0
2128,2,36.0,,2015.0,400.0,4.0,79.0
2129,2,1755.0,,2015.0,1370.0,174.0,279.0
2130,2,43.0,,2015.0,31.0,20.0,8.0
2132,1,534.0,,2015.0,42345.0,871.0,0.0
2137,1,652.0,,2014.0,554.0,132.0,0.0
2139,1,562.0,,2016.0,4805.0,35.0,1262.0
2143,1,724.0,,2015.0,5275.0,634.0,0.0
2144,1,6500.0,,2013.0,2669.0,1561.0,27000.0
2147,3,2514.0,364877.0,2015.0,9557.0,821.0,2776.0
2149,2,2850.0,,2015.0,4524.0,1231.0,17135.0
2150,2,1414.0,,2016.0,558.0,268.0,353.0
2151,1,525.0,,2013.0,830.0,415.0,0.0
2152,2,600.0,,2016.0,2071.0,208.0,0.0
2155,2,650.0,,2015.0,1058.0,112.0,240.0
2159,5,582.0,,2015.0,1818.0,252.0,0.0
2160,1,1069.0,,2014.0,9152.0,117.0,0.0
2163,5,928.0,,2015.0,2236.0,231.0,0.0
2166,1,2178.0,,2015.0,2776.0,3880.0,18110.0
2168,1,15.0,,2015.0,0.0,1672.0,30071.0
2169,2,830.0,,2014.0,1032.0,79.0,0.0
2170,1,1837.0,,2014.0,558.0,712.0,11116.0
2171,1,3073.0,,2014.0,17058.0,1433.0,0.0
2174,2,384.0,,2016.0,6224.0,5267.0,1716.0
2178,3,246.0,78000.0,2016.0,2974.0,219.0,0.0
2180,1,1671.0,,2015.0,14673.0,0.0,0.0
2183,2,2700.0,,2015.0,3774.0,4660.0,1296.0
2184,1,600.0,,2011.0,1136.0,68.0,300.0
2185,1,520.0,,2016.0,953.0,58.0,248.0
2188,2,2200.0,,2016.0,2293.0,513.0,588.0
2190,2,253.0,,2017.0,3806.0,11.0,975.0
2192,2,2000.0,,2016.0,3665.0,665.0,0.0
2195,2,7032.0,,2016.0,11980.0,4359.0,71936.0
2199,1,765.0,,2014.0,2044.0,1405.0,1025.0
2200,1,1958.0,,2014.0,17889.0,3491.0,3482.0
2201,1,2615.0,,2014.0,8603.0,2691.0,1643.0
2205,3,2192.0,418200.0,2015.0,15052.0,665.0,0.0
2206,2,850.0,,2014.0,11233.0,10297.0,0.0
2207,3,3200.0,1019923.0,2014.0,25510.0,1264.0,7180.0
2209,1,539.0,,2015.0,6516.0,2531.0,0.0
2212,1,2615.0,,2014.0,48532.0,3768.0,8165.0
2216,1,600.0,,2015.0,1454.0,0.0,0.0
2217,3,1335.0,252578.0,2015.0,9075.0,642.0,9662.0
2224,2,1340.0,,2015.0,428.0,691.0,16939.0
2225,5,1900.0,,2016.0,1235.0,1875.0,0.0
2226,1,1183.0,,2014.0,29940.0,564.0,0.0
2229,2,660.0,,2016.0,1905.0,218.0,423.0
2230,1,660.0,,2017.0,1298.0,64.0,2770.0
2233,1,782.0,,2016.0,12386.0,2287.0,3199.0
2236,4,83.0,,2014.0,93.0,21.0,255.0
2238,1,677.0,,2016.0,6356.0,270.0,0.0
2240,1,595.0,,2016.0,7075.0,301.0,1790.0
2241,3,287.0,158000.0,2015.0,263.0,136.0,4849.0
2245,2,450.0,,2016.0,777.0,76.0,210.0
2246,2,378.0,,2015.0,279.0,45.0,1689.0
2247,1,2307.0,,2019.0,1289498.0,28657.0,54331.0
2249,2,6500.0,,2016.0,2924.0,3022.0,544.0
2253,1,2000.0,,2016.0,7557.0,598.0,13184.0
2258,2,288.0,,2014.0,651.0,40.0,0.0
2261,1,1285.0,,2015.0,1397.0,118.0,321.0
2262,1,562.0,,2015.0,15780.0,0.0,0.0
2263,1,777.0,,2016.0,189.0,21.0,37.0
2271,1,5530.0,,2016.0,19107.0,337.0,0.0
2273,1,750.0,,2015.0,410.0,37.0,3.0
2276,1,1150.0,,2016.0,48914.0,547.0,0.0
2278,1,1456.0,,2015.0,139.0,437.0,181.0
2280,1,1200.0,,2016.0,2367.0,154.0,632.0
2287,3,2302.0,571675.0,2015.0,16722.0,1066.0,37557.0
2290,5,838.0,,2015.0,1905.0,244.0,0.0
2291,1,1007.0,,2016.0,7605.0,2890.0,1636.0
2292,3,123.0,81176.0,2016.0,453.0,285.0,221.0
2299,5,1148.0,,2016.0,3269.0,937.0,0.0
2301,4,643.0,,2015.0,3346.0,258.0,20077.0
2307,4,,,2013.0,447.0,197.0,26115.0
2312,1,2336.0,,2017.0,454.0,967.0,0.0
2315,2,287.0,,2015.0,2483.0,127.0,10.0
2319,1,1416.0,,2016.0,1737.0,609.0,12556.0
2320,1,35.0,,2016.0,2.0,2.0,141.0
2321,2,330.0,,2016.0,3324.0,435.0,0.0
2323,1,6478.0,,2016.0,55089.0,22625.0,1924996.0
2324,2,992.0,,2016.0,1749.0,254.0,615.0
2329,1,650.0,,2015.0,38331.0,163.0,0.0
2331,1,885.0,,2016.0,44.0,6.0,1428.0
2332,1,1623.0,,2016.0,830.0,50.0,1858.0
2333,1,1135.0,,2016.0,76.0,9.0,426.0
2334,1,5547.0,,2016.0,1334.0,154.0,6784.0
2335,2,600.0,,2015.0,943.0,125.0,568.0
2336,1,2638.0,,2016.0,6996.0,0.0,0.0
2337,1,711.0,,2016.0,4235.0,536.0,1319.0
2340,1,750.0,,2014.0,114.0,64.0,6010.0
2342,2,507.0,,2016.0,1330.0,76.0,267.0
2345,2,2329.0,,2016.0,1803.0,448.0,278.0
2346,1,806.0,,2015.0,,,
2351,1,526.0,,2015.0,2905.0,912.0,24853.0
2352,2,1500.0,,2013.0,572.0,157.0,91.0
2353,4,31.0,,2015.0,0.0,9.0,285.0
2354,2,678.0,,2015.0,1104.0,199.0,0.0
2367,1,2198.0,,2016.0,0.0,844.0,0.0
2373,1,931.0,,2016.0,1127.0,625.0,472.0
2374,1,829.0,,2016.0,1927.0,491.0,0.0
2376,2,763.0,,2016.0,3275.0,2062.0,1300.0
2377,1,901.0,,2016.0,2231.0,701.0,543.0
2379,1,590.0,,2014.0,8445.0,187.0,0.0
2381,2,2700.0,,2013.0,0.0,4600.0,26860.0
2386,2,242.0,,2016.0,639.0,63.0,0.0
2387,2,359.0,,2016.0,704.0,22.0,0.0
2390,1,3315.0,,2015.0,916.0,521.0,11313.0
2393,2,1300.0,,2016.0,562.0,160.0,66.0
2396,2,280.0,,2010.0,79.0,213.0,1412.0
2397,1,1566.0,,2015.0,1492.0,384.0,457.0
2401,2,1400.0,,2016.0,986.0,4656.0,6498.0
2405,1,1712.0,,2014.0,1065.0,941.0,477.0
2406,2,2000.0,,2015.0,5020.0,262.0,12175.0
2407,2,2371.0,,2016.0,1522.0,168.0,413.0
2409,2,1320.0,,2016.0,1844.0,418.0,575.0
2412,1,609.0,,2014.0,1055.0,162.0,0.0
2416,1,1919.0,,2014.0,23294.0,2997.0,0.0
2417,1,687.0,,2014.0,3279.0,972.0,0.0
2419,3,441.0,89795.0,2012.0,4617.0,800.0,21766.0
2424,1,515.0,,2017.0,1475.0,270.0,409.0
2426,3,1935.0,116927.0,2016.0,635.0,6256.0,7611.0
2434,5,963.0,,2011.0,2318.0,155.0,0.0
2435,1,467.0,,2016.0,2798.0,247.0,0.0
2438,2,2993.0,,2015.0,7124.0,415.0,23102.0
2439,1,1300.0,,2011.0,8835.0,2800.0,0.0
2442,1,1457.0,,2016.0,5205.0,0.0,1362.0
2445,2,1800.0,,2016.0,626.0,1182.0,0.0
2446,2,7000.0,,2016.0,4138.0,7744.0,71322.0
2447,2,1351.0,,2014.0,1449.0,1093.0,498.0
2448,1,540.0,,2016.0,461.0,771.0,0.0
2451,1,776.0,,2016.0,1398.0,488.0,0.0
2454,1,548.0,,2015.0,17471.0,2667.0,0.0
2455,1,694.0,,2015.0,4792.0,172.0,1798.0
2458,2,161.0,,2016.0,399.0,51.0,858.0
2463,1,945.0,,2016.0,2988.0,593.0,0.0
2464,2,1100.0,,2016.0,1100.0,280.0,20429.0
2466,2,3775.0,,2016.0,1730.0,620.0,46748.0
2467,1,865.0,,2016.0,8867.0,9867.0,0.0
2468,2,940.0,,2016.0,1914.0,5560.0,28062.0
2469,1,3889.0,,2016.0,14431.0,6410.0,0.0
2470,2,16380.0,,2016.0,6295.0,1593.0,0.0
2473,1,275.0,,2016.0,379.0,221.0,0.0
2477,1,1786.0,,2016.0,4969.0,418.0,1406.0
2478,1,534.0,,2014.0,195.0,91.0,0.0
2480,1,610.0,,2016.0,4921.0,313.0,0.0
2483,2,372.0,,2016.0,983.0,70.0,283.0
2485,1,500.0,,2016.0,865.0,343.0,290.0
2488,3,1176.0,56603.0,2015.0,2844.0,552.0,5248.0
2490,1,540.0,,2015.0,1076.0,307.0,18500.0
2491,1,450.0,,2010.0,1433.0,386.0,20247.0
2500,2,1057.0,,2016.0,162.0,4357.0,28087.0
2502,1,900.0,,2016.0,1072865.0,30583.0,0.0
2503,1,1373.0,,2016.0,8915.0,450.0,42498.0
2505,1,709.0,,2016.0,1504.0,693.0,0.0
2506,1,2359.0,,2016.0,15280.0,2944.0,0.0
2507,1,987.0,,2016.0,4571.0,1201.0,0.0
2508,1,909.0,,2016.0,1727.0,103.0,1215.0
2514,5,600.0,,2016.0,2620.0,532.0,600.0
2515,1,569.0,,2012.0,494.0,0.0,0.0
2516,3,422.0,126606.0,2016.0,2635.0,1761.0,1152.0
2518,2,165.0,,2015.0,109.0,15.0,242.0
2519,5,770.0,,2015.0,2188.0,193.0,493.0
2520,2,719.0,,2016.0,1663.0,85.0,319.0
2521,1,600.0,,2017.0,1123.0,86.0,0.0
2523,1,1024.0,,2016.0,192789.0,22614.0,0.0
2524,1,4294.0,,2016.0,675.0,7.0,1660.0
2525,1,1867.0,,2016.0,545.0,7.0,880.0
2526,2,2757.0,,2016.0,2729.0,261.0,807.0
2528,4,330.0,,2016.0,129.0,551.0,847.0
2532,1,850.0,,2015.0,1067.0,6.0,16292.0
2534,2,280.0,,2016.0,142.0,28.0,0.0
2535,3,90.0,5700.0,2016.0,484.0,97.0,22.0
2536,1,1500.0,,2016.0,4703.0,344.0,1223.0
2537,1,800.0,,2015.0,83.0,0.0,0.0
2538,5,2356.0,,2016.0,4911.0,325.0,0.0
2543,5,2400.0,,2016.0,3724.0,1215.0,0.0
2546,2,500.0,,2016.0,139.0,1694.0,0.0
2550,3,2400.0,530000.0,2016.0,17299.0,1508.0,5782.0
2551,2,940.0,,2016.0,630.0,108.0,138.0
2552,3,2562.0,542000.0,2015.0,14794.0,0.0,26941.0
2553,2,494.0,,2014.0,22445.0,129.0,11337.0
2554,2,11881.0,,2016.0,4407.0,22027.0,6146.0
2557,2,850.0,,2015.0,600.0,200.0,1995.0
2562,2,389.0,,2016.0,320.0,255.0,1353.0
2566,1,1100.0,,2015.0,579.0,4.0,137.0
2567,3,402.0,12571.0,2016.0,1252.0,395.0,1211.0
2570,3,6744.0,1317000.0,2016.0,21601.0,1066.0,69056.0
2573,3,8622.0,514707.0,2016.0,19057.0,8725.0,5189.0
2575,1,1900.0,,2016.0,15676.0,1962.0,3601.0
2577,1,650.0,,2016.0,12304.0,1120.0,0.0
2579,1,1670.0,,2016.0,1375.0,826.0,9890.0
2583,3,270.0,79529.0,2016.0,2386.0,167.0,7055.0
2585,1,503.0,,2013.0,0.0,11.0,0.0
2586,1,525.0,,2016.0,6751.0,562.0,0.0
2589,1,699.0,,2015.0,5568.0,377.0,0.0
2594,2,5940.0,,2016.0,2751.0,2757.0,0.0
2595,1,943.0,,2016.0,1203.0,198.0,2883.0
2597,2,600.0,,2016.0,793.0,176.0,3168.0
2599,2,300.0,,2016.0,3452.0,602.0,0.0
2601,1,500.0,,2016.0,623.0,351.0,204.0
2602,3,4054.0,1243597.0,2015.0,22899.0,1893.0,125501.0
2603,5,900.0,,2016.0,2103.0,65.0,664.0
2605,4,262.0,,2016.0,331.0,17.0,0.0
2607,2,3033.0,,2016.0,2378.0,496.0,528.0
2610,1,8956.0,,2016.0,4715.0,1491.0,2002.0
2611,1,8977.0,,2014.0,1471.0,1587.0,32276.0
2616,1,854.0,,2016.0,696.0,256.0,22045.0
2617,1,500.0,,2016.0,305.0,820.0,0.0
2618,3,5600.0,1254609.0,2014.0,40556.0,55.0,81616.0
2620,1,535.0,,2016.0,0.0,252.0,0.0
2623,3,52000.0,2265886.0,2016.0,53815.0,61548.0,187691.0
2625,1,563.0,,2016.0,1320.0,259.0,380.0
2626,3,774.0,62150.0,2010.0,27559.0,493.0,0.0
2627,4,139.0,,2017.0,128.0,14.0,318.0
2629,1,480.0,,2017.0,1311.0,58.0,0.0
2630,2,15935.0,,2016.0,6282.0,16567.0,2424.0
2632,3,1136.0,226175.0,2016.0,5402.0,481.0,3908.0
2633,1,915.0,,2016.0,4232.0,0.0,308039.0
2637,3,500.0,128500.0,2016.0,4417.0,1109.0,21795.0
2639,1,778.0,,2016.0,20830.0,0.0,2402.0
2640,2,352.0,,2016.0,339.0,17.0,0.0
2642,1,800.0,,2015.0,24271.0,6491.0,15878.0
2643,4,56.0,,2017.0,55.0,3.0,113.0
2644,4,127.0,,2017.0,478.0,15.0,825.0
2648,3,2200.0,148543.0,2017.0,4355.0,1743.0,17600.0
2649,1,531.0,,2016.0,254.0,172.0,0.0
2652,1,550.0,,2017.0,2893.0,48.0,2131.0
2653,4,1021.0,,2016.0,4844.0,328.0,22948.0
2656,1,800.0,,2016.0,0.0,14.0,0.0
2657,1,200.0,,2017.0,1480.0,130.0,44690.0
2658,1,2100.0,,2017.0,1113.0,1750.0,0.0
2660,2,900.0,,2016.0,1375.0,381.0,206.0
2663,1,781.0,,2017.0,159.0,897.0,99.0
2665,3,250.0,125000.0,2015.0,1061.0,577.0,6968.0
2671,1,1111.0,,2014.0,274.0,7.0,0.0
2707,1,443.0,,2016.0,1220.0,127.0,11481.0
2710,5,1600.0,,2016.0,2055.0,214.0,411.0
2711,3,1868.0,80000.0,2015.0,5119.0,709.0,0.0
2714,2,150.0,,2017.0,450.0,61.0,2720.0
2715,1,2220.0,,2016.0,2379.0,557.0,6839.0
2716,1,1458.0,,2017.0,1665.0,583.0,0.0
2717,1,1345.0,,2016.0,2043.0,415.0,3581.0
2719,2,600.0,,2016.0,914.0,624.0,0.0
2722,5,1000.0,,2016.0,1614.0,255.0,124.0
2727,1,950.0,,2016.0,546.0,165.0,0.0
2728,1,540.0,,2017.0,6830.0,316.0,0.0
2731,2,2288.0,,2016.0,2245.0,299.0,513.0
2738,1,540.0,,2016.0,45464.0,15.0,0.0
2748,2,2989.0,,2016.0,4364.0,332.0,871.0
2753,1,2092.0,,2016.0,12714.0,1506.0,6606.0
2755,1,700.0,,2015.0,1311.0,199.0,381.0
2756,3,9200.0,1281971.0,2016.0,310710.0,11186.0,0.0
2762,1,850.0,,2016.0,2474.0,216.0,695.0
2763,3,1200.0,75000.0,2015.0,2670.0,525.0,0.0
2764,2,572.0,,2015.0,2080.0,3211.0,0.0
2765,1,1634.0,,2017.0,6385.0,388.0,0.0
2766,1,600.0,,2017.0,320.0,52.0,0.0
2769,2,330.0,,2015.0,14712.0,460.0,0.0
2770,2,2747.0,,2016.0,3613.0,3920.0,0.0
2774,2,534.0,,2016.0,3545.0,3089.0,1841.0
2775,1,1150.0,,2016.0,8276.0,2219.0,0.0
2779,1,554.0,,2016.0,1827.0,585.0,0.0
2782,1,1724.0,,2016.0,964.0,793.0,12688.0
2783,1,564.0,,2016.0,179.0,301.0,1148.0
2785,3,35.0,22573.0,2016.0,321.0,17.0,3177.0
2786,1,1200.0,,2014.0,2351.0,881.0,71353.0
2800,3,3700.0,620000.0,2016.0,90419.0,44892.0,100995.0
2862,1,500.0,,2012.0,2613.0,425.0,0.0
2865,3,310.0,78445.0,2016.0,2690.0,517.0,3562.0
2868,1,1200.0,,2016.0,21806.0,4064.0,79446.0
2874,1,2400.0,,2017.0,9979.0,5661.0,24810.0
2886,1,18000.0,,2017.0,23.0,0.0,7.0
2921,1,3785.0,,2014.0,17198.0,982.0,0.0
2922,1,1151.0,,2017.0,12308.0,142.0,0.0
2923,3,4500.0,298000.0,2016.0,2432.0,2363.0,0.0
2930,2,2100.0,,2016.0,4205.0,519.0,3270.0
2932,2,707.0,,2017.0,439.0,162.0,78.0
2934,3,138.0,54097.0,2016.0,178.0,35.0,2601.0
2935,3,138.0,103153.0,2016.0,261.0,23.0,3346.0
2940,4,372.0,,2016.0,348.0,28.0,637.0
2941,3,2415.0,110733.0,2016.0,2618.0,3555.0,0.0
2946,1,1800.0,,2017.0,1478.0,360.0,0.0
2949,3,4216.0,1120190.0,2017.0,8900.0,1563.0,49807.0
2951,2,293.0,,2017.0,77235.0,117.0,0.0
2955,1,19891.0,,2017.0,48179.0,13565.0,141903.0
2956,1,598.0,,2014.0,37.0,805.0,0.0
2959,1,4274.0,,2016.0,1877.0,899.0,23984.0
2960,1,1881.0,,2016.0,4875.0,922.0,12232.0
2961,1,247.0,,2016.0,986.0,629.0,56753.0
2962,3,7500.0,15000000.0,2016.0,15478.0,4683.0,72353.0
2965,2,472.0,,2016.0,789.0,145.0,204.0
2974,1,5.0,,2018.0,100.0,1500.0,198148.0
2975,1,800.0,,2017.0,725.0,235.0,202.0
2976,2,1850.0,,2016.0,1204.0,488.0,422.0
2978,1,910.0,,2014.0,2303.0,179.0,1243.0
2980,3,3020.0,732153.0,2016.0,12016.0,1418.0,0.0
2983,1,726.0,,2017.0,18158.0,0.0,8684.0
2990,2,1600.0,,2018.0,965.0,180.0,3026.0
2991,1,3496.0,,2017.0,34.0,0.0,5242.0
2996,1,1000.0,,2017.0,1273.0,1407.0,367.0
2997,2,3200.0,,2016.0,2265.0,12377.0,28857.0
2998,2,2210.0,,2016.0,2420.0,275.0,21763.0
2999,2,450.0,,2011.0,439.0,91.0,64.0
3000,1,923.0,,2017.0,4982.0,2602.0,0.0
3002,1,2190.0,,2017.0,2796.0,1635.0,4349.0
3004,2,973.0,,2016.0,2090.0,914.0,12092.0
3006,3,500.0,103200.0,2016.0,5639.0,1037.0,1702.0
3007,2,1123.0,,2016.0,1441.0,277.0,8453.0
3009,1,1319.0,,2017.0,887.0,72.0,966.0
3013,2,660.0,,2012.0,2477.0,0.0,0.0
3015,3,3020.0,732153.0,2010.0,18120.0,1083.0,160555.0
3021,1,1430.0,,2017.0,446.0,16535.0,50425.0
3024,1,567.0,,2017.0,250.0,682.0,2893.0
3029,1,745.0,,2017.0,870.0,76.0,0.0
3030,1,1200.0,,2014.0,1063.0,413.0,12415.0
3034,1,1065.0,,2015.0,89342.0,13268.0,0.0
3037,1,500.0,,2017.0,1475.0,184.0,0.0
3041,1,2432.0,,2018.0,746.0,694.0,1384.0
3042,1,850.0,,2015.0,345.0,10606.0,0.0
3043,1,855.0,,2016.0,259.0,11299.0,0.0
3044,1,810.0,,2017.0,281.0,11299.0,0.0
3046,2,1662.0,,2016.0,1212.0,690.0,271.0
3052,1,1658.0,,2018.0,798.0,2233.0,5348.0
3055,3,1800.0,350000.0,2011.0,18521.0,225.0,59607.0
3064,1,1026.0,,2017.0,695.0,3271.0,0.0
3065,1,1140.0,,2016.0,3596.0,977.0,1157.0
3066,3,418.0,110000.0,2017.0,1644.0,685.0,662.0
3067,2,2930.0,,2016.0,3997.0,655.0,869.0
3068,2,1549.0,,2015.0,4246.0,681.0,1116.0
3070,2,1214.0,,2017.0,,,
3071,2,720.0,,2017.0,1316.0,85.0,264.0
3074,2,1161.0,,2017.0,211.0,146.0,65.0
3076,3,3200.0,1045000.0,2015.0,15351.0,4306.0,58651.0
3077,2,120.0,,2017.0,10.0,0.0,0.0
3078,5,556.0,,2016.0,266.0,2251.0,0.0
3079,1,979.0,,2014.0,95652.0,88293.0,65001.0
3080,2,332.0,,2017.0,134.0,35.0,36.0
3083,1,834.0,,2015.0,726.0,106.0,4116.0
3087,3,300.0,53800.0,2018.0,941.0,235.0,9589.0
3091,3,3700.0,1117000.0,2016.0,26482.0,2343.0,0.0
3092,2,500.0,,2017.0,1016.0,48.0,204.0
3095,2,629.0,,2017.0,1111.0,134.0,232.0
3096,2,480.0,,2018.0,1030.0,101.0,50.0
3098,3,3000.0,194500.0,2017.0,993.0,0.0,33645.0
3101,1,1400.0,,2017.0,14873.0,841.0,68298.0
3102,1,768.0,,2016.0,1570.0,122.0,0.0
3112,2,307.0,,2017.0,472.0,29.0,94.0
3114,2,2214.0,,2017.0,3416.0,116.0,728.0
3115,3,2212.0,384474.0,2017.0,5012.0,580.0,16454.0
3117,1,2719.0,,2018.0,529.0,490.0,10765.0
3118,2,258.0,,2017.0,458.0,24.0,103.0
3120,2,301.0,,2017.0,64.0,20.0,386.0
3125,3,4000.0,232741.0,2016.0,8360.0,9252.0,3227.0
3130,1,5719.0,,2018.0,154.0,477.0,0.0
3131,1,882.0,,2018.0,4.0,82.0,0.0
3132,1,330.0,,2017.0,387.0,25.0,241.0
3134,2,2541.0,,2017.0,3001.0,545.0,43764.0
3135,3,8000.0,1365039.0,2016.0,13668.0,6409.0,84672.0
3136,1,61012.0,,2017.0,768979.0,217727.0,227455.0
3139,2,406.0,,2017.0,543.0,76.0,113.0
3145,2,767.0,,2017.0,1550.0,524.0,298.0
3147,2,371.0,,2016.0,51.0,132.0,6526.0
3150,2,2200.0,,2016.0,2821.0,1000.0,25996.0
3151,2,49700.0,,2016.0,7302.0,3714.0,7111.0
3156,2,787.0,,2017.0,80225.0,2489.0,31416.0
3164,2,1369.0,,2017.0,2342.0,148.0,534.0
3165,1,2950.0,,2017.0,2035.0,1392.0,0.0
3166,1,667.0,,2017.0,300.0,42.0,2417.0
3168,1,590.0,,2017.0,2071.0,954.0,654.0
3169,1,14267.0,,2018.0,7473.0,4280.0,12065.0
3172,2,1595.0,,2017.0,3032.0,121.0,639.0
3176,1,2039.0,,2017.0,472.0,376.0,0.0
3179,1,713.0,,2017.0,7496.0,356.0,2087.0
3181,2,1139.0,,2017.0,530.0,246.0,217.0
3184,1,17582.0,,2017.0,5460.0,447.0,0.0
3187,1,1210.0,,2017.0,1074.0,147.0,6183.0
3188,1,3600.0,,2016.0,97569.0,0.0,0.0
3190,2,153000.0,,2017.0,659122.0,254089.0,2132061.0
3191,1,1250.0,,2017.0,1791.0,1683.0,27616.0
3192,1,500.0,,2017.0,395.0,705.0,0.0
3195,1,850.0,,2017.0,2586.0,89.0,0.0
3198,1,545.0,,2017.0,1506.0,15.0,338.0
3199,2,280.0,,2015.0,464.0,97.0,0.0
3211,1,9842.0,,2017.0,5197.0,11871.0,0.0
3212,2,1842.0,,2017.0,807.0,2733.0,440.0
3214,1,1400.0,,2018.0,1800.0,417.0,0.0
3215,1,19494.0,,2017.0,147566.0,28515.0,0.0
3216,2,1850.0,,2017.0,2280.0,834.0,815.0
3217,1,2642.0,,2016.0,45290.0,4654.0,22834.0
3218,1,2400.0,,2018.0,3090.0,247.0,0.0
3219,1,1000.0,,2018.0,2145.0,754.0,0.0
3221,1,69978.0,,2017.0,167570.0,57269.0,2419726.0
3222,1,120000.0,,2014.0,3168.0,449.0,0.0
3223,1,558.0,,2012.0,2432.0,1453.0,0.0
3225,1,2273.0,,2016.0,2427.0,149.0,568.0
3233,1,1554.0,,2018.0,882.0,276.0,0.0
3234,1,1387.0,,2017.0,10116.0,3989.0,189698.0
3235,1,1860.0,,2017.0,2015.0,391.0,1041.0
3236,1,750.0,,2017.0,40.0,14.0,0.0
3237,2,1928.0,,2017.0,19224.0,25895.0,89129.0
3240,2,1280.0,,2015.0,3494.0,283.0,6881.0
3241,1,1010.0,,2017.0,21712.0,1432.0,51161.0
3243,3,159.0,78000.0,2018.0,776.0,86.0,2410.0
3245,3,1613.0,65374.0,2017.0,1509.0,3144.0,17310.0
3246,3,2282.0,114644.0,2016.0,19634.0,975.0,39569.0
3247,3,537.0,281899.0,2016.0,9033.0,1749.0,46416.0
3248,4,560.0,,2017.0,2900.0,152.0,18556.0
3250,1,914.0,,2017.0,70977.0,34851.0,0.0
3252,1,893.0,,2017.0,88534.0,28008.0,0.0
3253,1,1300.0,,2011.0,18043.0,2842.0,4184.0
3254,2,800.0,,2017.0,11666.0,15468.0,0.0
3255,1,765.0,,2017.0,306.0,443.0,110.0
3256,4,526.0,,2017.0,0.0,91.0,8982.0
3257,2,49342.0,,2017.0,10586.0,8335.0,232114.0
3261,1,8330.0,,2017.0,4201.0,1756.0,2638.0
3263,1,467.0,,2018.0,1284.0,45.0,0.0
3264,1,2693.0,,2017.0,426.0,160.0,0.0
3267,2,10585.0,,2017.0,10332.0,1052.0,64178.0
3268,1,2461.0,,2017.0,9404.0,868.0,0.0
3269,1,505.0,,2017.0,2658.0,16.0,0.0
3270,2,328.0,,2018.0,108.0,73.0,34.0
3271,3,1699.0,94892.0,2016.0,6098.0,1392.0,41787.0
3275,1,535.0,,2017.0,48085.0,14201.0,39080.0
3276,2,260.0,,2017.0,319.0,21.0,78.0
3278,1,2855.0,,2017.0,68290.0,14690.0,0.0
3279,1,6670.0,,2017.0,969.0,0.0,38670.0
3280,2,789.0,,2017.0,1713.0,0.0,10886.0
3283,3,1104.0,68587.0,2017.0,1492.0,5423.0,10417.0
3286,3,6089.0,1601569.0,2017.0,17507.0,6951.0,0.0
3289,3,306.0,108419.0,2014.0,3222.0,178.0,7872.0
3292,2,293.0,,2017.0,362.0,29.0,77.0
3296,1,7054.0,,2017.0,4201.0,1634.0,0.0
3297,3,1200.0,46351.0,2014.0,2773.0,852.0,5285.0
3298,1,606.0,,2017.0,855.0,497.0,0.0
3299,1,6392.0,,2018.0,2639.0,4404.0,716431.0
3300,5,5500.0,,2017.0,5066.0,388.0,1122.0
3310,1,9500.0,,2017.0,16405.0,6786.0,0.0
3312,2,480.0,,2017.0,1289.0,176.0,5814.0
3313,1,983.0,,2018.0,281.0,176.0,38363.0
3314,2,376.0,,2015.0,644.0,181.0,108.0
3315,2,44054.0,,2017.0,258199.0,43662.0,85917.0
3317,1,647.0,,2017.0,4914.0,461.0,1317.0
3324,1,1596.0,,2017.0,469.0,1877.0,3387.0
3326,1,627.0,,2015.0,173.0,222.0,0.0
3330,2,990.0,,2017.0,1919.0,267.0,0.0
3332,1,756.0,,2018.0,1663.0,304.0,29845.0
3335,4,306.0,,2017.0,118.0,185.0,0.0
3336,2,14049.0,,2017.0,,,
3339,1,1058.0,,2017.0,50439.0,0.0,0.0
3340,2,2205.0,,2017.0,3.0,432.0,20935.0
3344,3,2000.0,118000.0,2012.0,6980.0,3065.0,0.0
3345,3,2000.0,118000.0,2015.0,5837.0,2250.0,0.0
3346,2,450.0,,2017.0,806.0,214.0,186.0
3350,1,7002.0,,2017.0,14689.0,491.0,0.0
3353,1,550.0,,2015.0,13191.0,983.0,3069.0
3354,3,3414.0,1045000.0,2017.0,11576.0,1142.0,56269.0
3361,1,1695.0,,2018.0,9042.0,0.0,0.0
3366,1,5199.0,,2017.0,2697.0,1305.0,0.0
3369,2,12469.0,,2017.0,14858.0,8345.0,80540.0
3379,1,622.0,,2018.0,1897.0,118.0,1100.0
3380,1,89813.0,,2018.0,273792.0,17048.0,158782.0
3381,1,7911.0,,2018.0,24117.0,1502.0,13986.0
3382,1,658.0,,2018.0,272.0,125.0,0.0
3383,1,1441.0,,2018.0,596.0,274.0,0.0
3384,1,686.0,,2018.0,284.0,130.0,0.0
3385,1,951.0,,2018.0,394.0,181.0,0.0
3386,1,642.0,,2018.0,265.0,122.0,0.0
3387,1,1553.0,,2018.0,643.0,295.0,0.0
3390,2,656.0,,2017.0,96.0,1523.0,149.0
3391,2,657.0,,2017.0,1266.0,93.0,249.0
3404,1,1300.0,,2014.0,14429.0,2994.0,0.0
3419,2,1826.0,,2017.0,1746.0,564.0,207.0
3428,2,1242.0,,2017.0,3992.0,136.0,908.0
3429,2,1314.0,,2017.0,476.0,1552.0,219.0
3430,2,235.0,,2018.0,436.0,17.0,101.0
3439,3,1.0,44219.0,2015.0,12948.0,50.0,0.0
3440,1,719.0,,2018.0,180219.0,5998.0,0.0
3443,1,453.0,,2018.0,1.0,349.0,0.0
3452,1,507.0,,2014.0,1631.0,87.0,434.0
3454,1,2200.0,,2018.0,10.0,56.0,0.0
3455,3,3768.0,807165.0,2017.0,11046.0,1094.0,61990.0
3456,1,2463.0,,2018.0,560.0,865.0,0.0
3458,1,509.0,,2017.0,14.0,77.0,15.0
3467,1,650.0,,2018.0,2491.0,1316.0,439.0
3469,1,6435.0,,2017.0,50142.0,16919.0,1968297.0
3478,1,5825.0,,2017.0,1184.0,3640.0,0.0
3479,3,1700.0,209161.0,2016.0,2859.0,1570.0,24280.0
3480,3,1700.0,209161.0,2017.0,2578.0,2629.0,15602.0
3484,1,646.0,,2018.0,1502.0,408.0,295.0
3493,3,2400.0,134000.0,2017.0,6182.0,1662.0,0.0
3496,1,1600.0,,2018.0,13455.0,2604.0,0.0
3497,1,5600.0,,2018.0,705.0,1482.0,29489.0
3500,2,450.0,,2018.0,645.0,487.0,0.0
3502,2,706.0,,2018.0,669.0,68.0,157.0
3503,1,3396.0,,2018.0,934.0,1019.0,29815.0
3504,2,521.0,,2018.0,1047.0,161.0,0.0
3507,2,1700.0,,2018.0,814.0,443.0,0.0
3516,1,1007.0,,2015.0,32568.0,6144.0,8463.0
3533,5,3100.0,,2018.0,6285.0,492.0,0.0
3536,1,659.0,,2018.0,5.0,146.0,4310.0
3537,2,537.0,,2017.0,591.0,54.0,0.0
3539,1,2552.0,,2018.0,69498.0,2025.0,0.0
3543,1,14000.0,,2018.0,30872.0,8251.0,5511.0
3545,1,2104.0,,2018.0,904.0,538.0,19869.0
3550,1,1200.0,,2018.0,676.0,466.0,10240.0
3552,1,4555.0,,2018.0,1027.0,377.0,10918.0
3561,1,551.0,,2018.0,4137.0,162.0,15092.0
3564,2,1425.0,,2018.0,3918.0,709.0,0.0
3565,1,728.0,,2018.0,4521.0,282.0,37985.0
3566,1,1474.0,,2018.0,2043.0,570.0,77620.0
3568,3,336.0,80565.0,2017.0,3147.0,149.0,13777.0
3569,1,1508.0,,2018.0,2043.0,570.0,77620.0
3572,2,250.0,,2018.0,395.0,63.0,0.0
3573,2,10842.0,,2018.0,8236.0,15575.0,858.0
3576,1,1680.0,,2018.0,,,
3580,1,1104.0,,2018.0,3771.0,2177.0,0.0
3587,1,2009.0,,2017.0,493054.0,30892.0,0.0
3589,1,1800.0,,2018.0,1793.0,1251.0,3774202.0
3590,1,987.0,,2017.0,7030.0,5047.0,0.0
3591,1,4000.0,,2017.0,22871.0,484.0,0.0
3592,1,552.0,,2017.0,45.0,344.0,0.0
3593,1,977.0,,2017.0,8259.0,2507.0,0.0
3596,2,442.0,,2018.0,51.0,1821.0,462.0
3600,1,600.0,,2018.0,49493.0,572.0,0.0
3606,2,2066.0,,2015.0,9696.0,1004.0,17067.0
3611,1,1485.0,,2018.0,3581.0,60.0,10954.0
3616,4,475.0,,2015.0,309.0,185.0,102.0
3620,3,534.0,53306.0,2018.0,1002.0,389.0,814.0
3629,1,693.0,,2017.0,735.0,6119.0,0.0
3632,1,4371.0,,2018.0,1922.0,2285.0,358.0
3634,1,5200.0,,2018.0,45537.0,3302.0,0.0
3638,1,3807.0,,2018.0,593.0,1361.0,913.0
3643,1,4000.0,,2018.0,156.0,2861.0,0.0
3644,2,650.0,,2017.0,1079.0,104.0,242.0
3645,4,538.0,,2018.0,289.0,183.0,96.0
3648,1,1021.0,,2018.0,9416.0,131.0,2202.0
3652,2,1551.0,,2018.0,195.0,144.0,92.0
3658,1,1200.0,,2018.0,6300.0,1700.0,37000.0
3659,2,350.0,,2017.0,630.0,34.0,149.0
3660,1,605.0,,2017.0,189.0,205.0,0.0
3661,3,350.0,69000.0,2019.0,,,
3666,1,4999.0,,2019.0,21711.0,7222.0,222169.0
3670,1,1398.0,,2018.0,7422.0,986.0,5458.0
3672,1,1119.0,,2017.0,1142.0,370.0,0.0
3682,3,145.0,64000.0,2018.0,530.0,829.0,150.0
3683,1,2600.0,,2018.0,10050.0,1908.0,0.0
3685,1,1170.0,,2018.0,3641.0,2735.0,0.0
3686,3,1500.0,96000.0,2017.0,2739.0,1932.0,735.0
3689,2,1161.0,,2017.0,5042.0,584.0,0.0
3692,1,818.0,,2018.0,404.0,2696.0,2310.0
3693,2,950.0,,2018.0,1160.0,54.0,221.0
3694,5,150.0,,2017.0,55.0,79.0,1251.0
3696,1,885.0,,2018.0,333.0,174.0,86.0
3700,2,6300.0,,2018.0,12380.0,21859.0,5716.0
3701,1,684.0,,2018.0,8520.0,907.0,0.0
3703,2,300.0,,2018.0,19781.0,1933.0,0.0
3708,1,1600.0,,2017.0,36175.0,158.0,9517.0
3710,1,3548.0,,2018.0,33772.0,8947.0,0.0
3711,1,952.0,,2018.0,9835.0,1757.0,0.0
3712,1,555.0,,2018.0,3584.0,965.0,0.0
3713,1,544.0,,2018.0,6969.0,1427.0,0.0
3714,1,659.0,,2017.0,1975.0,272.0,0.0
3719,1,486.0,,2017.0,67561.0,13686.0,0.0
3720,1,2600.0,,2018.0,1094.0,1049.0,25154.0
3733,1,721.0,,2019.0,144598.0,411.0,0.0
3737,1,600.0,,2018.0,12686.0,206.0,1832.0
3742,2,500.0,,2017.0,1090.0,81.0,344.0
3745,2,325.0,,2018.0,341.0,30.0,69.0
3746,2,395.0,,2018.0,1373.0,175.0,885.0
3751,1,600.0,,2018.0,32857.0,24663.0,8775.0
3752,1,280.0,,2018.0,10124.0,2664.0,2235.0
3761,1,4478.0,,2018.0,51231.0,20655.0,2006285.0
3778,1,1452.0,,2018.0,377.0,291.0,1283.0
3788,3,160.0,51458.0,2016.0,830.0,264.0,6837.0
3789,2,716.0,,2018.0,406.0,79.0,77.0
3790,1,2346.0,,2019.0,334.0,432.0,887.0
3791,1,700.0,,2018.0,3438.0,67.0,0.0
3793,3,1752.0,369600.0,2018.0,7746.0,1182.0,1654.0
3794,1,1332.0,,2018.0,203.0,1056.0,30377.0
3795,1,1226.0,,2018.0,550.0,821.0,10424.0
3796,1,829.0,,2018.0,1285.0,288.0,6007.0
3799,3,2577.0,368025.0,2018.0,5747.0,838.0,1848.0
3800,1,2559.0,,2018.0,1453.0,374.0,1766.0
3801,4,310.0,,2016.0,152.0,34.0,940.0
3802,1,3168.0,,2018.0,33385.0,4517.0,5958.0
3813,1,2710.0,,2019.0,185.0,422.0,10325.0
3814,1,900.0,,2015.0,1895.0,449.0,0.0
3815,5,1104.0,,2019.0,295.0,1756.0,220.0
3817,1,614.0,,2018.0,20102.0,1305.0,0.0
3831,1,8242.0,,2018.0,24538.0,7277.0,554491.0
3835,2,21552.0,,2018.0,22002.0,3464.0,3394.0
3836,1,1364.0,,2018.0,320.0,1328.0,620.0
3841,1,1387.0,,2018.0,5474.0,4877.0,1566.0
3845,2,485.0,,2018.0,1593.0,161.0,92.0
3846,5,163.0,,2018.0,13.0,90.0,708.0
3848,1,244.0,,2018.0,2559.0,196.0,0.0
3850,1,1800.0,,2018.0,16170.0,113.0,0.0
3875,1,587.0,,2018.0,2793.0,940.0,858.0
3890,3,130.0,54867.0,2017.0,55.0,35.0,104.0
3891,1,1766.0,,2018.0,50.0,443.0,658.0
3920,1,3659.0,,2018.0,1386.0,796.0,2669.0
3926,1,624.0,,2018.0,4307.0,699.0,2237.0
3929,2,894.0,,2016.0,1203.0,256.0,0.0
3930,5,900.0,,2019.0,6063.0,351.0,0.0
3932,1,3000.0,,2018.0,2118.0,671.0,2744.0
3933,1,948.0,,2018.0,5.0,2.0,0.0
3935,1,2758.0,,2018.0,267.0,422.0,1044.0
3936,1,9558.0,,2018.0,8124.0,1526.0,3454.0
3938,1,1145.0,,2018.0,19.0,13.0,0.0
3940,1,1617.0,,2018.0,252.0,71314.0,7264.0
3941,1,484.0,,2018.0,25.0,8.0,0.0
3946,4,,,2016.0,768.0,59.0,2241.0
3950,1,2441.0,,2014.0,29451.0,2098.0,6954.0
3955,3,2000.0,500000.0,2018.0,9133.0,718.0,0.0
3965,1,3416.0,,2018.0,1808.0,926.0,36842.0
3966,1,2153.0,,2018.0,665.0,364.0,20410.0
3969,1,3939.0,,2018.0,5672.0,6527.0,0.0
3972,1,703.0,,2018.0,5941.0,1209.0,0.0
3973,1,700.0,,2018.0,862.0,431.0,26460.0
3974,1,593.0,,2018.0,2514.0,1743.0,0.0
3975,1,200.0,,2018.0,2052.0,56.0,547.0
3976,1,1163.0,,2018.0,493.0,398.0,8390.0
3978,1,2600.0,,2018.0,915.0,860.0,23635.0
3981,3,230.0,79063.0,2018.0,3137.0,882.0,1164.0
3982,3,3874.0,755882.0,2015.0,105874.0,5451.0,6059.0
3990,1,454.0,,2018.0,79.0,87.0,278.0
3991,2,7413.0,,2018.0,4046.0,1771.0,0.0
3994,2,300.0,,2019.0,68.0,2535.0,0.0
3995,1,1180.0,,2011.0,550.0,343.0,229.0
3998,1,2607.0,,2018.0,30385.0,2844.0,6997.0
3999,1,1366.0,,2018.0,618.0,208.0,464.0
4000,1,2429.0,,2018.0,841.0,503.0,23368.0
4003,1,2105.0,,2018.0,1673.0,334.0,23120.0
4013,1,993.0,,2018.0,1013.0,137.0,6952.0
4015,1,1833.0,,2018.0,3125.0,359.0,0.0
4022,1,520.0,,2019.0,593.0,331.0,0.0
4027,1,1649.0,,2018.0,1258.0,505.0,16221.0
4028,1,3203.0,,2018.0,13997.0,2758.0,0.0
4029,1,2035.0,,2018.0,2012.0,405.0,20786.0
4032,1,1166.0,,2018.0,339.0,182.0,7231.0
4033,1,638.0,,2018.0,784282.0,6066.0,0.0
4036,1,12569.0,,2017.0,27.0,3948.0,1667.0
4055,3,7393.0,1500000.0,2017.0,42343.0,2.0,59516.0
4056,1,10546.0,,2018.0,3556.0,335.0,0.0
4057,2,1886.0,,2018.0,189.0,245.0,906.0
4058,1,852.0,,2018.0,312.0,60.0,4950.0
4060,1,2649.0,,2018.0,966.0,1228.0,199.0
4066,1,604.0,,2018.0,284253.0,620878.0,0.0
4067,3,9000.0,1400000.0,2018.0,301920.0,11186.0,0.0
4073,2,797.0,,2018.0,1216.0,58.0,203.0
4074,3,1900.0,92000.0,2018.0,4189.0,785.0,10056.0
4077,2,545.0,,2018.0,1143.0,34.0,77.0
4083,3,304.0,197464.0,2015.0,9256.0,3002.0,38077.0
4085,1,890.0,,2018.0,1744050.0,9699.0,0.0
4088,1,1219.0,,2018.0,857.0,216.0,8633.0
4095,1,716.0,,2018.0,3205.0,541.0,0.0
4097,1,7124.0,,2019.0,64639.0,4260.0,0.0
4098,1,1476.0,,2019.0,9897.0,206.0,0.0
4105,2,1373.0,,2018.0,2281.0,186.0,380.0
4109,1,2430.0,,2018.0,638.0,1190.0,23067.0
4110,1,149000.0,,2018.0,22438.0,17862.0,33065.0
4112,1,1739.0,,2018.0,899.0,387.0,1205.0
4124,1,3752.0,,2018.0,872270.0,64758.0,0.0
4125,1,1028.0,,2018.0,962918.0,3377.0,0.0
4128,1,1159.0,,2019.0,4104.0,257.0,0.0
4133,1,6275.0,,2018.0,729500.0,170900.0,0.0
4134,3,2747.0,160650.0,2017.0,3812.0,6049.0,0.0
4135,1,734.0,,2018.0,1944.0,105.0,2020.0
4140,2,667.0,,2018.0,952.0,1242.0,251.0
4142,1,5000.0,,2018.0,6671.0,413.0,0.0
4143,1,3392.0,,2018.0,523.0,846.0,21893.0
4145,1,2184.0,,2018.0,634.0,450.0,727.0
4147,1,1350.0,,2018.0,357900.0,154550.0,0.0
4160,2,999.0,,2017.0,525.0,161.0,5301.0
4164,1,1561.0,,2018.0,520.0,347.0,1686.0
4168,1,695.0,,2018.0,7302.0,652.0,0.0
4176,2,787.0,,2018.0,79392.0,2344.0,29712.0
4177,1,2814.0,,2018.0,734.0,196.0,0.0
4178,2,2066.0,,2018.0,3086.0,5583.0,1058.0
4179,2,699.0,,2018.0,1415.0,76.0,178.0
4184,2,1645.0,,2018.0,780.0,1422.0,0.0
4185,1,2473.0,,2018.0,3710.0,445.0,535.0
4187,1,1195.0,,2018.0,3557.0,1800.0,0.0
4189,1,1420.0,,2018.0,50678.0,2.0,0.0
4190,1,630.0,,2018.0,420.0,93.0,410.0
4194,2,2264.0,,2018.0,1528.0,350.0,459.0
4197,1,354.0,,2018.0,491.0,1198.0,358.0
4199,1,279.0,,2018.0,415.0,1296.0,358.0
4204,1,1476.0,,2019.0,5.0,176.0,34942.0
4205,2,750.0,,2018.0,66810.0,3620.0,33175.0
4209,1,14000.0,,2018.0,3692.0,7299.0,0.0
4210,2,925.0,,2017.0,7426.0,640.0,12463.0
4212,3,1068.0,59000.0,2018.0,3607.0,60.0,24392.0
4213,3,490.0,90000.0,2017.0,3897.0,847.0,0.0
4214,1,1809.0,,2019.0,1495.0,486.0,16195.0
4216,1,3226.0,,2018.0,1268.0,734.0,27969.0
4221,1,996.0,,2019.0,9722.0,7541.0,0.0
4222,1,1569.0,,2018.0,1002.0,422.0,10927.0
4223,1,690.0,,2018.0,4446.0,338.0,64932.0
4224,1,1500.0,,2018.0,7854.0,3007.0,0.0
4227,2,1463.0,,2018.0,441.0,52.0,292.0
4228,2,160.0,,2016.0,219.0,9.0,43.0
4230,1,1725.0,,2018.0,555.0,436.0,11724.0
4231,1,1241.0,,2018.0,109.0,285.0,746.0
4237,1,720.0,,2018.0,2034.0,44.0,0.0
4239,2,2684.0,,2018.0,3169.0,6828.0,988.0
4240,1,7800.0,,2019.0,7850.0,1126.0,1644.0
4241,1,1395.0,,2018.0,987.0,2.0,175.0
4252,1,525.0,,2018.0,2132.0,46.0,0.0
4253,3,2333.0,656643.0,2018.0,10190.0,821.0,17149.0
4256,1,970.0,,2018.0,2334.0,457.0,3289.0
4259,1,3400.0,,2018.0,4240.0,4777.0,541.0
4263,1,630.0,,2018.0,650.0,174.0,541.0
4264,1,1808.0,,2018.0,5073.0,708.0,0.0
4265,1,616.0,,2019.0,3339.0,308.0,0.0
4266,1,1291.0,,2018.0,2046.0,308.0,12245.0
4272,1,1828.0,,2018.0,205.0,324.0,483.0
4273,2,1910.0,,2018.0,2298.0,379.0,16549.0
4277,1,4500.0,,2018.0,6530.0,1942.0,0.0
4280,1,520.0,,2018.0,9302.0,241.0,0.0
4283,1,541.0,,2018.0,5941.0,89.0,0.0
4284,1,451.0,,2018.0,820.0,26.0,6770.0
4285,1,2170.0,,2018.0,289.0,217.0,0.0
4286,1,691.0,,2018.0,9481.0,212.0,2503.0
4287,1,2472.0,,2018.0,1381.0,528.0,1879.0
4288,1,1192.0,,2018.0,3747.0,751.0,1.0
4289,1,582.0,,2018.0,44.0,219.0,4803.0
4290,1,1036.0,,2018.0,11485.0,704.0,2.0
4291,1,489.0,,2018.0,5926.0,217.0,0.0
4295,1,1005.0,,2018.0,772.0,141.0,648.0
4297,1,563.0,,2018.0,614.0,559.0,0.0
4298,1,2745.0,,2018.0,5396.0,899.0,0.0
4300,1,1109.0,,2018.0,502.0,208.0,710.0
4301,1,2300.0,,2018.0,1011.0,561.0,1676.0
4307,1,3015.0,,2018.0,1914.0,1094.0,0.0
4311,1,554.0,,2018.0,1475.0,289.0,0.0
4312,1,729.0,,2018.0,3407.0,477.0,0.0
4314,1,876.0,,2018.0,1282.0,731.0,0.0
4315,1,1000.0,,2018.0,21.0,142.0,0.0
4316,1,1849.0,,2019.0,20485.0,2134.0,0.0
4319,1,1370.0,,2018.0,3816.0,206.0,6706.0
4320,1,2413.0,,2018.0,669.0,37.0,7975.0
4321,1,500.0,,2019.0,240.0,13.0,67.0
4322,1,1560.0,,2018.0,297.0,356.0,10262.0
4326,1,666.0,,2018.0,468.0,12.0,1320.0
4327,1,4537.0,,2018.0,6014.0,364.0,7460.0
4331,1,247.0,,2018.0,220.0,8.0,809.0
4332,1,4138.0,,2018.0,51985.0,13563.0,0.0
4333,1,560.0,,2018.0,277.0,24.0,1081.0
4334,1,93.0,,2018.0,97.0,4.0,69.0
4335,1,1359.0,,2018.0,657.0,255.0,11895.0
4337,1,2255.0,,2018.0,823.0,753.0,17950.0
4340,1,20000.0,,2018.0,4123.0,4680.0,0.0
4341,1,2000.0,,2018.0,4329.0,522.0,0.0
4343,1,530.0,,2018.0,1539.0,89.0,1682.0
4345,1,1763.0,,2014.0,885.0,492.0,14113.0
4346,1,1657.0,,2018.0,725.0,496.0,11961.0
4347,1,7164.0,,2019.0,10977.0,1665.0,0.0
4348,1,413.0,,2019.0,245.0,6568.0,0.0
4349,1,1091.0,,2019.0,2368.0,135.0,0.0
4350,2,826.0,,2018.0,5330.0,1365.0,0.0
4354,1,1395.0,,2018.0,358.0,375.0,0.0
4356,1,2200.0,,2018.0,9490.0,357.0,0.0
4358,1,520.0,,2019.0,3.0,174.0,0.0
4360,1,1678.0,,2018.0,29148.0,2815.0,0.0
4361,1,1231.0,,2018.0,21390.0,3883.0,0.0
4362,1,601.0,,2018.0,198.0,128.0,391.0
4364,1,4572.0,,2018.0,1204.0,2131.0,31718.0
4365,1,2787.0,,2018.0,479.0,56.0,0.0
4370,1,7656.0,,2018.0,3864.0,961.0,2678.0
4372,1,3441.0,,2018.0,1265.0,190.0,1388.0
4373,1,1093.0,,2018.0,514.0,9.0,666.0
4375,1,564.0,,2018.0,1847.0,98.0,1469.0
4381,1,574.0,,2018.0,6996.0,93.0,0.0
4382,1,642.0,,2018.0,2718.0,33.0,0.0
4383,1,2232.0,,2018.0,600.0,618.0,18243.0
4384,1,654.0,,2018.0,112.0,210.0,0.0
4385,1,510.0,,2019.0,13142.0,4883.0,0.0
4386,1,550.0,,2018.0,540.0,51.0,785.0
4387,3,2626.0,559000.0,2018.0,3816.0,2.0,46064.0
4389,2,4487.0,,2018.0,11593.0,741.0,1264.0
4390,1,6900.0,,2018.0,10059.0,2991.0,0.0
4391,1,501.0,,2018.0,3942.0,119342.0,0.0
4392,1,530.0,,2018.0,771.0,229.0,0.0
4393,1,530.0,,2018.0,774.0,230.0,0.0
4395,1,760.0,,2018.0,2574.0,326.0,0.0
4396,1,2944.0,,2018.0,3972.0,797.0,0.0
4398,1,750.0,,2018.0,1688.0,369.0,0.0
4400,1,543.0,,2018.0,2246.0,414.0,0.0
4401,1,671.0,,2018.0,7644.0,63.0,0.0
4403,1,600.0,,2018.0,430.0,296.0,0.0
4404,1,1027.0,,2018.0,114.0,154.0,0.0
4405,1,1392.0,,2018.0,267.0,37.0,0.0
4408,1,545.0,,2018.0,5572.0,104.0,0.0
4409,1,196.0,,2018.0,89.0,31.0,209.0
4413,1,1200.0,,2018.0,1180.0,166.0,0.0
4415,1,2437.0,,2018.0,37814.0,34084.0,315768.0
4416,1,1407.0,,2019.0,4008.0,7009.0,0.0
4418,3,460.0,69413.0,2019.0,3026.0,58.0,791.0
4423,1,4978.0,,2018.0,2977.0,6536.0,0.0
4430,1,1687.0,,2018.0,13370.0,11995.0,7904.0
4435,1,668.0,,2018.0,902.0,1832.0,0.0
4439,1,715.0,,2018.0,5049.0,282.0,0.0
4440,1,1729.0,,2018.0,1930.0,576.0,0.0
4443,1,690.0,,2018.0,6049.0,785.0,140102.0
4447,1,3677.0,,2019.0,25445.0,712.0,0.0
4448,3,260.0,158000.0,2018.0,1542.0,1695.0,2411.0
4449,1,5922.0,,2018.0,2908.0,1033.0,3397.0
4451,1,925.0,,2018.0,1696.0,729.0,0.0
4452,1,1278.0,,2019.0,3260.0,1000.0,0.0
4453,3,1647.0,85000.0,2018.0,2472.0,2180.0,12207.0
4454,1,44000.0,,2018.0,14165855.0,22202.0,0.0
4455,2,2303.0,,2018.0,5180.0,370.0,823.0
4456,3,6662.0,1556663.0,2017.0,16467.0,1715.0,99484.0
4461,1,12000.0,,2018.0,3068359.0,39086.0,640526.0
4462,1,18870.0,,2018.0,127830.0,2198.0,0.0
4464,1,800.0,,2018.0,4144128.0,1212128.0,0.0
4466,1,494.0,,2019.0,318929.0,1692.0,0.0
4467,1,764.0,,2018.0,3540.0,166.0,0.0
4478,1,950.0,,2018.0,3137.0,384.0,0.0
4479,1,1117.0,,2018.0,3549951.0,16443.0,0.0
4480,1,1016.0,,2018.0,5185.0,254.0,1359.0
4482,1,1289.0,,2018.0,3657.0,643.0,0.0
4488,1,623.0,,2018.0,2373.0,29.0,0.0
4489,2,664.0,,2018.0,297.0,53.0,105.0
4491,1,2096.0,,2018.0,4337.0,1512.0,0.0
4495,2,1571.0,,2018.0,2386.0,161.0,314.0
4496,1,1042.0,,2019.0,4574.0,7060.0,0.0
4498,1,2400.0,,2018.0,4271.0,233.0,0.0
4499,1,688.0,,2018.0,4558.0,1449.0,0.0
4506,1,570.0,,2018.0,287.0,56.0,0.0
4509,1,3096.0,,2018.0,49189.0,473.0,0.0
4511,1,10812.0,,2018.0,213.0,403.0,6751.0
4515,2,2808.0,,2019.0,144903.0,67531.0,0.0
4520,1,862.0,,2018.0,1387.0,360.0,28660.0
4523,1,1550.0,,2018.0,6092.0,22409.0,0.0
4524,1,877.0,,2018.0,609.0,461.0,0.0
4527,1,483.0,,2019.0,,,
4530,1,9314.0,,2018.0,3344.0,3060.0,6656.0
4532,2,1350.0,,2018.0,491.0,560.0,2133.0
4533,1,714.0,,2019.0,1236.0,469.0,5573.0
4535,1,700.0,,2018.0,3789.0,582.0,0.0
4544,1,2200.0,,2018.0,27073.0,1713.0,0.0
4546,1,598.0,,2018.0,1611.0,43.0,0.0
4548,1,506.0,,2018.0,620.0,866.0,9380864.0
4551,1,2100.0,,2018.0,32417.0,1731.0,0.0
4552,1,1055.0,,2019.0,765423.0,28.0,91857.0
4553,1,1796.0,,2018.0,1336.0,485.0,15994.0
4554,1,489.0,,2018.0,4011.0,657.0,0.0
4555,1,32200.0,,2018.0,211221.0,24213.0,0.0
4556,1,500.0,,2018.0,1316.0,57.0,0.0
4557,1,6670.0,,2018.0,14024.0,1045.0,0.0
4559,1,530.0,,2018.0,2303.0,353.0,0.0
4564,1,1500.0,,2018.0,1444566.0,7009.0,0.0
4567,1,3950.0,,2018.0,1207.0,752.0,1932.0
4568,1,976.0,,2018.0,11823.0,4616.0,0.0
4570,1,1677.0,,2018.0,13384.0,1745.0,0.0
4571,1,2434.0,,2018.0,14692.0,2200.0,0.0
4573,1,995.0,,2018.0,2401.0,61.0,0.0
4574,1,919.0,,2018.0,4387.0,873.0,0.0
4577,1,536.0,,2019.0,3352.0,3318.0,0.0
4579,1,7532.0,,2018.0,234060.0,6296.0,60418.0
4580,1,998.0,,2018.0,998.0,66.0,0.0
4581,1,867.0,,2018.0,1005.0,102.0,473.0
4584,2,910.0,,2018.0,2230.0,246.0,0.0
4587,1,570.0,,2018.0,2063.0,123.0,0.0
4589,1,1388.0,,2018.0,4703.0,4747.0,0.0
4591,1,2047.0,,2018.0,1378.0,746.0,0.0
4593,1,9000.0,,2017.0,24347.0,68244.0,50460.0
4595,1,9978.0,,2018.0,1365.0,1753.0,31410.0
4596,1,1031.0,,2018.0,201003.0,32210.0,0.0
4599,1,495.0,,2018.0,1846.0,65.0,0.0
4600,1,700.0,,2019.0,1371.0,393.0,31395.0
4602,1,708.0,,2018.0,148.0,176.0,100.0
4603,4,6182.0,,2018.0,10984.0,465.0,2757.0
4605,1,862.0,,2018.0,163.0,261.0,4267.0
4610,1,589.0,,2018.0,506.0,277.0,314.0
4616,1,35000.0,,2018.0,79493.0,22671.0,370193.0
4617,1,9598.0,,2018.0,12492.0,2522.0,11803.0
4619,1,2393.0,,2018.0,10804.0,1072.0,0.0
4620,1,2963.0,,2018.0,3213.0,727.0,981.0
4621,1,683.0,,2018.0,152.0,61.0,0.0
4622,1,2967.0,,2018.0,1178.0,948.0,27490.0
4623,1,3745.0,,2018.0,34408.0,8130.0,0.0
4624,1,165790.0,,2018.0,35699735.0,470025.0,111493567.0
4626,1,732.0,,2018.0,9206.0,219.0,0.0
4627,1,5519.0,,2018.0,35754.0,8874.0,0.0
4631,1,683.0,,2018.0,7160.0,197.0,0.0
4633,1,752.0,,2018.0,1256.0,204.0,183.0
4634,1,1998.0,,2018.0,24012.0,574.0,0.0
4635,1,7302.0,,2018.0,78868.0,2400.0,0.0
4640,1,735.0,,2018.0,2229.0,25.0,0.0
4641,1,2969.0,,2018.0,21852.0,6199.0,0.0
4644,1,5567.0,,2018.0,6055.0,949.0,0.0
4648,1,580.0,,2018.0,291.0,192.0,409.0
4650,2,1999.0,,2018.0,2071.0,286.0,0.0
4651,1,1560.0,,2018.0,75361.0,11347.0,0.0
4653,1,598.0,,2018.0,83.0,14.0,0.0
4654,1,830.0,,2018.0,296.0,199.0,165.0
4655,1,700.0,,2018.0,2067.0,56.0,0.0
4656,1,6100.0,,2018.0,52166.0,1144.0,0.0
4657,1,3000.0,,2018.0,1716.0,66.0,452.0
4658,2,789.0,,2018.0,528.0,257.0,0.0
4659,1,13500.0,,2018.0,306.0,421.0,1047.0
4661,1,1069.0,,2018.0,23998.0,1042.0,0.0
4663,1,1270.0,,2018.0,3234.0,422.0,3013.0
4664,1,627.0,,2018.0,1546.0,56.0,0.0
4666,1,1851.0,,2018.0,6472.0,1236.0,0.0
4667,1,520.0,,2020.0,28537996.0,5698.0,0.0
4669,1,1185.0,,2018.0,91.0,251.0,722.0
4673,1,3285.0,,2019.0,1322.0,3807.0,0.0
4674,1,3000.0,,2018.0,9655.0,350.0,2526.0
4676,1,981.0,,2018.0,13686.0,1833.0,0.0
4677,1,1267.0,,2018.0,3456.0,571.0,0.0
4678,1,744.0,,2018.0,1307.0,52.0,0.0
4680,1,1243.0,,2018.0,10361.0,54.0,0.0
4682,2,1324.0,,2018.0,1365.0,39.0,325.0
4683,1,949.0,,2019.0,445.0,149.0,3243.0
4687,1,428.0,,2018.0,533.0,96.0,110.0
4689,5,3029.0,,2018.0,5493.0,877.0,0.0
4691,1,1100.0,,2018.0,2189.0,58.0,521.0
4692,1,2020.0,,2018.0,18554.0,1844.0,0.0
4693,1,659.0,,2018.0,1479.0,619.0,0.0
4698,1,5000.0,,2018.0,12490.0,542.0,0.0
4699,1,1232.0,,2018.0,5338.0,150.0,9464.0
4701,1,498.0,,2018.0,855.0,9122.0,2076.0
4705,1,1562.0,,2018.0,2219.0,176.0,4846.0
4706,1,8000.0,,2019.0,4227.0,2743.0,1236785.0
4707,1,1961.0,,2018.0,9.0,431.0,620.0
4708,1,13379.0,,2018.0,7076.0,368.0,0.0
4709,1,910.0,,2018.0,145.0,13.0,0.0
4710,1,1423.0,,2018.0,881.0,331.0,5258.0
4713,3,7778.0,268581.0,2018.0,7886.0,2526.0,42031.0
4715,1,2530.0,,2018.0,992.0,185.0,170.0
4720,3,7489.0,2600000.0,2018.0,31862.0,1964.0,85097.0
4727,5,1841.0,,2018.0,204.0,5.0,665.0
4732,1,800.0,,2018.0,33014.0,7010.0,0.0
4739,1,632.0,,2018.0,389.0,171.0,0.0
4747,1,687.0,,2018.0,13539.0,150.0,0.0
4750,1,2969.0,,2018.0,39696.0,4785.0,8832.0
4751,2,423.0,,2020.0,1529.0,1096.0,2685.0
4752,1,569.0,,2018.0,14141.0,1667.0,2820.0
4753,1,1779.0,,2018.0,3272.0,2634.0,1822.0
4754,1,7500.0,,2018.0,2467.0,2890.0,0.0
4756,1,273.0,,2018.0,249.0,5979.0,643.0
4758,1,10500.0,,2018.0,50230.0,50595.0,0.0
4761,1,364.0,,2018.0,3815.0,836.0,877.0
4762,1,6617.0,,2018.0,8500.0,3486.0,0.0
4765,1,849.0,,2019.0,4109.0,3565.0,0.0
4771,1,2160.0,,2018.0,2388.0,372.0,4128.0
4774,1,448.0,,2016.0,5554.0,566.0,1108.0
4779,1,803.0,,2014.0,291.0,60.0,4202.0
4781,1,850.0,,2019.0,205.0,1983.0,7610.0
4784,1,609.0,,2019.0,525467.0,224185.0,0.0
4788,1,3539.0,,2018.0,11381.0,369.0,0.0
4791,2,2000.0,,2018.0,2565.0,301.0,696.0
4796,1,662.0,,2018.0,1587.0,1019.0,679.0
4797,3,900.0,205000.0,2017.0,7197.0,979.0,0.0
4798,1,822.0,,2018.0,10419.0,375.0,11181.0
4803,1,6000.0,,2018.0,26789.0,1802.0,7485.0
4806,3,52553.0,2210875.0,2018.0,55417.0,46229.0,142833.0
4810,1,660.0,,2018.0,232.0,68.0,0.0
4816,3,3000.0,162000.0,2019.0,3163.0,312.0,0.0
4817,2,561.0,,2018.0,3145.0,681.0,944.0
4818,1,3544.0,,2019.0,1080.0,108.0,0.0
4825,1,5400.0,,2018.0,6134.0,5537.0,0.0
4829,1,751.0,,2018.0,39.0,143.0,1844.0
4832,1,800.0,,2018.0,340.0,172.0,0.0
4833,1,5300.0,,2018.0,3174.0,1957.0,0.0
4838,1,999.0,,2018.0,16246.0,17171.0,0.0
4839,1,1140.0,,2018.0,1442.0,759.0,0.0
4843,1,1847.0,,2018.0,41399.0,3820.0,8173.0
4844,1,13342.0,,2018.0,548.0,521.0,69135.0
4849,3,2100.0,528016.0,2017.0,7561.0,924.0,24750.0
4850,1,1297.0,,2018.0,3438828.0,28287.0,0.0
4855,3,160.0,63070.0,2018.0,642.0,67.0,11568.0
4857,3,2977.0,172769.0,2018.0,8354.0,3891.0,0.0
4860,1,693.0,,2018.0,364.0,381.0,0.0
4861,1,945.0,,2019.0,2731.0,142.0,640.0
4866,1,1481.0,,2018.0,56.0,70.0,9466.0
4869,1,2008.0,,2018.0,1541.0,407.0,26673.0
4873,1,537.0,,2017.0,1126.0,315.0,223.0
4875,1,933.0,,2018.0,139367.0,41956.0,85891.0
4885,1,3.0,,2018.0,,,
4890,1,860.0,,2018.0,1415.0,341.0,0.0
4891,1,2099.0,,2019.0,3533.0,589.0,0.0
4893,3,1800.0,59200.0,2019.0,1433.0,1413.0,0.0
4897,1,889.0,,2018.0,30.0,110.0,5068.0
4898,1,1750.0,,2018.0,41.0,20.0,7989.0
4899,1,630.0,,2016.0,2226.0,541.0,0.0
4900,1,460.0,,2018.0,4333.0,32.0,0.0
4901,1,566.0,,2018.0,10678.0,1235.0,2435.0
4907,1,566.0,,2019.0,190.0,978.0,26.0
4908,1,250.0,,2019.0,266.0,105.0,4391.0
4909,1,640.0,,2018.0,1058.0,114.0,0.0
4911,1,1209.0,,2018.0,265.0,1893.0,874.0
4916,1,1978.0,,2018.0,10301.0,1317.0,23878.0
4920,1,1113.0,,2018.0,3800.0,133.0,3897.0
4922,2,855.0,,2018.0,1619.0,800.0,310.0
4925,2,719.0,,2019.0,919.0,62.0,159.0
4926,1,1563.0,,2018.0,195.0,1605.0,0.0
4928,1,1520.0,,2018.0,7183.0,1419.0,0.0
4929,3,240.0,12000.0,2019.0,282.0,20.0,593.0
4932,1,2400.0,,2019.0,11186.0,138.0,0.0
4940,1,1376.0,,2018.0,431.0,219.0,9689.0
4941,1,534.0,,2018.0,3616.0,11.0,0.0
4947,1,1475.0,,2018.0,2108.0,218.0,4254.0
4952,3,2189.0,415417.0,2018.0,6258.0,425.0,0.0
4958,1,707.0,,2019.0,39274.0,6063.0,0.0
4961,2,205.0,,2018.0,1905.0,31.0,2943.0
4966,1,2193.0,,2018.0,5449.0,331.0,0.0
4971,2,1196.0,,2018.0,927.0,290.0,195.0
4972,1,967.0,,2018.0,1271.0,483.0,0.0
4976,1,5200.0,,2019.0,6519.0,2183.0,16802.0
4982,1,580.0,,2018.0,2175.0,40.0,573.0
4992,1,497.0,,2018.0,12167.0,251.0,0.0
4995,1,4463.0,,2018.0,680.0,672.0,29460.0
4998,2,1000.0,,2018.0,6815.0,5555.0,1553.0
5003,2,1098.0,,2018.0,970.0,275.0,0.0
5004,1,1400.0,,2018.0,986.0,481.0,386.0
5008,1,2760.0,,2018.0,1022.0,557.0,20345.0
5009,1,820.0,,2018.0,69915.0,12946.0,0.0
5011,1,1576.0,,2018.0,177340.0,10575.0,0.0
5012,1,2828.0,,2018.0,177.0,2242.0,0.0
5016,1,600.0,,2019.0,360904.0,4407.0,81352.0
5017,1,6000.0,,2019.0,616.0,942.0,29447.0
5026,1,600.0,,2018.0,9717.0,2032.0,63985.0
5027,1,640.0,,2020.0,1358.0,125.0,416.0
5030,2,2100.0,,2018.0,3835.0,764.0,16120.0
5032,1,727.0,,2018.0,844.0,352.0,731.0
5042,1,767.0,,2019.0,848.0,4534.0,3018.0
5062,1,858.0,,2019.0,2532.0,305.0,0.0
5063,1,505.0,,2019.0,2054.0,285.0,0.0
5064,3,1400.0,200000.0,2018.0,12813.0,12981.0,40925.0
5093,1,2873.0,,2019.0,2004.0,1488.0,30804.0
5094,1,25.0,,2019.0,389.0,2.0,49963.0
5096,1,1645.0,,2020.0,1248.0,157.0,658.0
5103,2,760.0,,2018.0,287.0,1884.0,266.0
5104,1,1900.0,,2019.0,539.0,407.0,47008.0
5113,1,404.0,,2018.0,499.0,80.0,0.0
5114,1,1279.0,,2018.0,2740.0,260.0,0.0
5117,1,630.0,,2019.0,8729.0,186.0,0.0
5121,1,4850.0,,2020.0,107184.0,1834.0,736812.0
5125,1,780.0,,2019.0,4012.0,464.0,11489.0
5131,1,632.0,,2018.0,475.0,14480.0,0.0
5134,1,220.0,,2018.0,739.0,17.0,1309.0
5138,1,659.0,,2019.0,5619.0,878.0,1534.0
5149,5,3200.0,,2019.0,2795.0,364.0,15481.0
5150,1,589.0,,2019.0,44.0,2953.0,597.0
5152,2,317.0,,2019.0,429.0,17.0,66.0
5155,2,1755.0,,2019.0,1723.0,157.0,198.0
5156,2,37.0,,2019.0,392.0,4.0,60.0
5157,2,47.0,,2019.0,30.0,16.0,7.0
5170,3,450.0,112000.0,2020.0,1312.0,476.0,0.0
5171,2,1077.0,,2019.0,1569.0,128.0,247.0
5183,2,1200.0,,2019.0,3404.0,152.0,337.0
5184,1,505.0,,2018.0,444.0,150.0,0.0
5186,2,366.0,,2019.0,813.0,60.0,211.0
5188,1,1400.0,,2018.0,2084.0,8331.0,34024.0
5193,2,449.0,,2019.0,611.0,36.0,140.0
5210,1,650.0,,2017.0,924.0,211.0,235.0
5211,2,1750.0,,2017.0,3305.0,1350.0,4018.0
5215,3,987.0,56254.0,2017.0,3653.0,730.0,8565.0
5220,3,338.0,103843.0,2017.0,5658.0,468.0,5739.0
5223,1,1037.0,,2018.0,9500.0,2700.0,0.0
5228,2,894.0,,2019.0,969.0,117.0,182.0
5233,1,2200.0,,2018.0,9171.0,1227.0,477.0
5234,1,518.0,,2018.0,172.0,163.0,4650.0
5235,1,1415.0,,2019.0,1358.0,23543.0,0.0
5251,2,432.0,,2019.0,843.0,42.0,133.0
5256,1,894.0,,2019.0,11558.0,2179.0,0.0
5257,1,711.0,,2019.0,1154.0,196.0,171.0
5260,1,963.0,,2018.0,818.0,94.0,3158.0
5268,5,257.0,,2019.0,214.0,1690.0,0.0
5274,1,3155.0,,2018.0,729342.0,50393.0,0.0
5282,1,3130.0,,2019.0,657.0,11.0,178.0
5283,1,1114.0,,2018.0,34889.0,3144.0,0.0
5285,1,700.0,,2018.0,155.0,74.0,0.0
5286,1,1029.0,,2018.0,46676.0,1942.0,0.0
5288,2,6000.0,,2019.0,9473.0,4949.0,0.0
5292,3,507.0,129134.0,2019.0,21142.0,804.0,0.0
5297,1,1076.0,,2018.0,16691.0,107.0,0.0
5298,1,1689.0,,2019.0,22351.0,241.0,0.0
5299,1,541.0,,2018.0,12949.0,122.0,0.0
5303,1,2300.0,,2019.0,824.0,736.0,436.0
5305,1,499.0,,2019.0,1600.0,637.0,18430.0
5310,1,5000.0,,2019.0,68798.0,4914.0,228100.0
5311,1,4999.0,,2019.0,1.0,83.0,304189.0
5312,1,4999.0,,2019.0,40704.0,848.0,361130.0
5313,1,4999.0,,2019.0,1073.0,783.0,485344.0
5314,1,4999.0,,2019.0,21458.0,7207.0,1987988.0
5320,1,1391.0,,2018.0,464.0,210.0,123.0
5331,2,2000.0,,2019.0,711.0,1075.0,0.0
5332,2,1400.0,,2019.0,220.0,425.0,69.0
5334,2,1400.0,,2019.0,3173.0,246.0,740.0
5335,1,2748.0,,2018.0,46492.0,731.0,0.0
5347,3,7767.0,2590000.0,2019.0,30994.0,4515.0,80676.0
5350,2,3200.0,,2019.0,2410.0,490.0,27113.0
5355,2,1190.0,,2019.0,1912.0,178.0,0.0
5367,2,7000.0,,2018.0,6006.0,4957.0,44603.0
5370,2,239.0,,2019.0,10.0,743.0,3816.0
5371,1,492.0,,2019.0,2839.0,175.0,21260.0
5372,1,490.0,,2019.0,7347.0,6.0,3749.0
5377,2,2800.0,,2019.0,2111.0,2881.0,857.0
5378,1,1584.0,,2019.0,138566.0,38293.0,136605.0
5382,1,2400.0,,2019.0,6568.0,1018.0,0.0
5384,1,1223.0,,2018.0,4670.0,533.0,0.0
5388,1,2242.0,,2018.0,39057.0,80.0,0.0
5395,1,1023.0,,2019.0,3902.0,2550.0,111729.0
5396,1,590.0,,2019.0,1380473.0,9041.0,0.0
5397,1,600.0,,2019.0,13936.0,1440.0,0.0
5403,1,1800.0,,2019.0,16170.0,113.0,0.0
5406,2,450.0,,2019.0,8176.0,234.0,0.0
5410,1,745.0,,2018.0,1245.0,487.0,474.0
5413,2,1408.0,,2019.0,2426.0,227.0,465.0
5421,3,3644.0,3300000.0,2018.0,98646.0,6333.0,79130.0
5428,1,2424.0,,2017.0,6680.0,2023.0,0.0
5435,1,4500.0,,2019.0,886.0,22.0,0.0
5436,1,836.0,,2018.0,5914.0,33.0,1580.0
5437,1,1574.0,,2019.0,298.0,990.0,0.0
5438,2,900.0,,2018.0,6028.0,1612.0,1716.0
5439,1,610.0,,2019.0,302.0,295.0,0.0
5447,2,560.0,,2018.0,392.0,289.0,1941.0
5453,1,720.0,,2019.0,2136.0,1268.0,0.0
5454,1,3557.0,,2019.0,11699.0,323.0,18655.0
5457,1,3080.0,,2019.0,65567.0,9640.0,2799.0
5458,1,3921.0,,2017.0,838.0,1433.0,35997.0
5460,1,1400.0,,2019.0,50027.0,2.0,0.0
5472,1,550.0,,2019.0,1529.0,23.0,404.0
5481,1,650.0,,2019.0,287.0,249.0,160.0
5486,1,1500.0,,2019.0,137111.0,9647.0,0.0
5489,1,996.0,,2018.0,1505.0,11.0,386.0
5492,5,595.0,,2020.0,440.0,256.0,60.0
5494,1,638.0,,2018.0,10209.0,2.0,0.0
5503,1,591.0,,2018.0,870.0,846.0,0.0
5506,1,877.0,,2019.0,296171.0,11873.0,0.0
5515,1,1360.0,,2019.0,6550.0,1956.0,0.0
5526,1,1666.0,,2019.0,2555.0,123.0,712.0
5527,1,1445.0,,2019.0,11311.0,1511.0,0.0
5528,1,3227.0,,2019.0,881.0,543.0,337.0
5529,2,2850.0,,2018.0,2823.0,810.0,27802.0
5531,1,5000.0,,2019.0,1350.0,320.0,0.0
5533,3,1500.0,77000.0,2019.0,4498.0,458.0,0.0
5537,1,751.0,,2019.0,3400.0,269.0,1007.0
5540,1,2300.0,,2019.0,8949.0,1310.0,2510.0
5545,1,12000.0,,2019.0,59563.0,11338.0,18408.0
5546,5,604.0,,2019.0,1949.0,150.0,476.0
5549,1,4300.0,,2019.0,10204.0,6660.0,3498.0
5551,1,1811.0,,2019.0,951.0,948.0,311.0
5556,2,2500.0,,2019.0,2431.0,23.0,359.0
5566,1,4342.0,,2019.0,971.0,1673.0,310.0
5567,3,2200.0,568895.0,2018.0,6938.0,471.0,40667.0
5569,1,1613.0,,2020.0,13464.0,689.0,0.0
5572,3,315.0,78051.0,2020.0,2561.0,517.0,3638.0
5577,1,530.0,,2019.0,4361.0,157.0,1881.0
5578,1,1097.0,,2019.0,22974.0,4084.0,0.0
5579,1,1052.0,,2018.0,6433.0,259.0,1598.0
5580,1,704.0,,2018.0,1675.0,65.0,386.0
5586,1,2803.0,,2019.0,235.0,474.0,23982.0
5587,2,6216.0,,2019.0,2552.0,2377.0,68245.0
5588,1,1100.0,,2019.0,13056.0,2265.0,0.0
5589,1,860.0,,2019.0,1456.0,229.0,358.0
5597,2,6500.0,,2018.0,3885.0,2714.0,1119.0
5604,1,1045.0,,2019.0,255.0,1713.0,0.0
5608,1,668.0,,2019.0,17000.0,35.0,0.0
5609,1,1100.0,,2019.0,1555.0,318.0,424.0
5610,1,8161.0,,2019.0,7972.0,3438.0,1716.0
5615,1,1183.0,,2020.0,2079.0,302.0,0.0
5617,1,3408.0,,2019.0,807.0,22.0,0.0
5620,1,3200.0,,2019.0,8815.0,804.0,0.0
5624,1,2300.0,,2019.0,9199.0,43.0,101251.0
5627,1,1337.0,,2019.0,6846.0,42.0,1589.0
5629,1,1123.0,,2019.0,5099.0,290.0,1463.0
5630,1,1013.0,,2019.0,2644.0,246.0,801.0
5632,1,2215.0,,2019.0,2240.0,868.0,879.0
5637,1,560.0,,2019.0,3398.0,286.0,949.0
5638,1,1433.0,,2019.0,3970.0,446.0,1226.0
5639,1,868.0,,2019.0,3780.0,182.0,1065.0
5640,1,722.0,,2019.0,3454.0,125.0,956.0
5641,1,695.0,,2019.0,3263.0,108.0,880.0
5642,1,857.0,,2019.0,4526.0,216.0,1279.0
5643,1,4328.0,,2019.0,13408.0,779.0,3627.0
5644,1,1394.0,,2019.0,3661.0,249.0,1061.0
5645,1,512.0,,2019.0,2873.0,53.0,774.0
5646,1,1201.0,,2019.0,8005.0,336.0,2218.0
5647,1,627.0,,2019.0,736.0,36.0,209.0
5648,1,659.0,,2019.0,89.0,128.0,51.0
5649,1,524.0,,2019.0,115.0,139.0,43.0
5656,1,655.0,,2019.0,427.0,7.0,7134.0
5657,1,950.0,,2019.0,69280.0,10288.0,0.0
5658,3,1400.0,65894.0,2018.0,1704.0,1864.0,6431.0
5661,2,386.0,,2019.0,2832.0,999.0,0.0
5669,2,1500.0,,2018.0,1159.0,101.0,1598.0
5684,2,250.0,,2017.0,30.0,99.0,937.0
5687,2,2080.0,,2019.0,3118.0,294.0,732.0
5691,1,947.0,,2019.0,25322.0,4736.0,633152.0
5694,1,600.0,,2019.0,682.0,427.0,40615.0
5695,3,1700.0,207182.0,2018.0,2222.0,1801.0,15477.0
5696,3,1700.0,207182.0,2019.0,2476.0,1798.0,15604.0
5703,1,1052.0,,2019.0,12922.0,2373.0,461090.0
5707,2,1600.0,,2018.0,1406.0,737.0,477.0
5716,1,2415.0,,2019.0,307.0,1170.0,35831.0
5717,1,532.0,,2019.0,199.0,74.0,1486.0
5723,1,198816.0,,2019.0,461031.0,2.0,0.0
5728,1,722.0,,2019.0,936.0,481.0,9190.0
5741,1,4296.0,,2019.0,994.0,508.0,17511.0
5745,1,67.0,,2019.0,14.0,5.0,1398.0
5746,1,400.0,,2019.0,152.0,18.0,3644.0
5754,1,756.0,,2019.0,458.0,236.0,7167.0
5758,1,742.0,,2019.0,9393.0,198.0,0.0
5763,2,5200.0,,2019.0,2881.0,26678.0,7369.0
5765,2,322.0,,2019.0,4728.0,1894.0,10697.0
5766,1,7645.0,,2019.0,3571.0,667.0,2659.0
5771,1,1463.0,,2019.0,52348.0,2367.0,0.0
5775,2,1772.0,,2019.0,1286.0,311.0,346.0
5776,1,29.0,,2020.0,,,
5783,1,527.0,,2019.0,2493.0,146.0,0.0
5786,1,600.0,,2019.0,23873.0,1928.0,0.0
5788,1,707.0,,2019.0,10470.0,73.0,0.0
5792,1,2600.0,,2019.0,3191.0,485.0,1287.0
5793,1,2742.0,,2018.0,3094.0,193.0,1793.0
5794,1,11457.0,,2019.0,698476.0,1100.0,238557.0
5798,1,823.0,,2018.0,377.0,26.0,215.0
5803,1,532.0,,2018.0,237.0,203.0,162.0
5811,1,1799.0,,2019.0,7527.0,320.0,1998.0
5815,1,1104.0,,2018.0,2711.0,68.0,1373.0
5822,2,11130.0,,2019.0,6515.0,2933.0,17391.0
5823,1,899.0,,2019.0,3574.0,55.0,945.0
5825,1,3462.0,,2018.0,230.0,33.0,138.0
5827,1,624.0,,2020.0,2418.0,227.0,0.0
5834,1,620.0,,2019.0,9696.0,12.0,2509.0
5836,2,659.0,,2019.0,1001.0,252.0,158.0
5841,2,9447.0,,2019.0,5131.0,8804.0,66943.0
5848,1,2200.0,,2019.0,503.0,1457.0,0.0
5853,1,2405.0,,2019.0,3730.0,3136.0,0.0
5855,1,520.0,,2019.0,438.0,161.0,0.0
5859,3,2619.0,110145.0,2018.0,6433.0,2802.0,0.0
5864,2,1400.0,,2019.0,814.0,1996.0,8243.0
5879,1,5145.0,,2019.0,3068.0,53.0,0.0
5881,2,3198.0,,2019.0,5338.0,655.0,0.0
5882,3,977.0,34634.0,2017.0,5774.0,507.0,2384.0
5883,1,3952.0,,2019.0,3917.0,485.0,0.0
5884,1,1582.0,,2019.0,483.0,6.0,0.0
5885,1,738.0,,2019.0,54.0,3.0,0.0
5893,1,1200.0,,2020.0,6578.0,1036.0,42322.0
5904,1,679.0,,2018.0,722.0,152.0,17842.0
5905,1,1132.0,,2019.0,190.0,3.0,0.0
5908,1,790.0,,2019.0,1909.0,79.0,0.0
5912,1,691.0,,2018.0,447.0,36.0,2327.0
5915,1,596.0,,2020.0,59.0,1258.0,2076.0
5916,2,570.0,,2017.0,1573.0,1207.0,0.0
5919,2,865.0,,2018.0,1287.0,102.0,261.0
5920,1,1039.0,,2019.0,29957.0,4252.0,0.0
5921,2,570.0,,2018.0,1532.0,1489.0,0.0
5922,2,570.0,,2019.0,1398.0,1249.0,0.0
5924,1,2082.0,,2019.0,3165.0,352.0,0.0
5925,1,3022.0,,2019.0,580711.0,17584.0,289613.0
5926,1,7200.0,,2019.0,1.0,62.0,6288.0
5927,3,141.0,68187.0,2018.0,1123.0,164.0,368.0
5933,1,4600.0,,2019.0,3507.0,547.0,0.0
5938,2,417.0,,2017.0,797.0,95.0,183.0
5940,1,557.0,,2019.0,2212.0,41.0,590.0
5943,2,1000.0,,2019.0,463.0,778.0,508.0
5954,1,1109.0,,2019.0,5755.0,788.0,0.0
5970,1,1136.0,,2019.0,7344.0,1369.0,2500.0
5971,3,2200.0,150000.0,2019.0,3959.0,3439.0,21378.0
5976,2,7024.0,,2018.0,7645.0,2910.0,1651.0
5978,1,2000.0,,2019.0,219.0,261.0,0.0
5979,2,586.0,,2019.0,2991.0,257.0,3057.0
5981,1,2455.0,,2019.0,25068.0,2045.0,6326.0
5982,1,373.0,,2019.0,103.0,131.0,44678.0
5985,1,1300.0,,2018.0,12355.0,3168.0,0.0
6003,1,4000.0,,2020.0,994.0,2037.0,0.0
6010,3,112.0,52275.0,2018.0,772.0,49.0,541.0
6013,1,4000.0,,2018.0,13334.0,3265.0,0.0
6016,1,120.0,,2020.0,43.0,7.0,373.0
6018,3,277.0,85143.0,2019.0,2572.0,41.0,6843.0
6020,1,419.0,,2019.0,473.0,164.0,154.0
6024,1,4767.0,,2019.0,22325.0,3699.0,0.0
6029,1,590.0,,2020.0,885.0,372.0,0.0
6033,1,576.0,,2020.0,994.0,211.0,0.0
6035,2,841.0,,2018.0,825.0,2520.0,0.0
6036,2,410.0,,2019.0,748.0,136.0,0.0
6044,1,603.0,,2019.0,1300.0,23.0,0.0
6056,1,625.0,,2019.0,1547.0,697.0,0.0
6058,3,150.0,65564.0,2018.0,1459.0,241.0,0.0
6072,1,550.0,,2019.0,24.0,55.0,38.0
6083,1,844.0,,2019.0,842.0,87.0,5265.0
6086,2,664.0,,2017.0,4583.0,1235.0,0.0
6087,1,3300.0,,2019.0,5050.0,3426.0,586268.0
6090,5,1200.0,,2020.0,1307.0,196.0,0.0
6098,3,250.0,58000.0,2018.0,269.0,25.0,631.0
6106,2,570.0,,2014.0,1392.0,579.0,0.0
6107,2,570.0,,2016.0,2133.0,542.0,0.0
6110,1,500.0,,2019.0,119.0,28.0,2084.0
6111,1,850.0,,2020.0,2346.0,100.0,0.0
6118,1,600.0,,2018.0,1156.0,474.0,0.0
6122,5,1100.0,,2020.0,2374.0,307.0,0.0
6128,1,3000.0,,2018.0,531113.0,2.0,0.0
6129,5,1900.0,,2020.0,12330.0,1875.0,0.0
6130,1,1405.0,,2019.0,2410000.0,52000.0,0.0
6131,1,208.0,,2020.0,13337.0,914.0,0.0
6132,1,1187.0,,2019.0,1424000.0,219000.0,0.0
6140,2,800.0,,2019.0,1585.0,110.0,1973.0
6154,3,510.0,84014.0,2020.0,,,
6161,1,56000.0,,2018.0,74843.0,50721.0,314144.0
6163,1,502.0,,2019.0,359.0,479.0,21099.0
6169,1,4380.0,,2019.0,31531.0,2033.0,0.0
6171,1,988.0,,2018.0,3465.0,168.0,2476.0
6172,1,1500.0,,2019.0,580.0,190.0,63893.0
6193,1,819.0,,2019.0,147.0,65.0,77.0
6215,1,4045.0,,2019.0,123.0,6608.0,0.0
6220,2,337.0,,2017.0,704.0,145.0,0.0
6227,1,1954.0,,2020.0,17990.0,889.0,0.0
6231,2,874.0,,2020.0,473.0,1506.0,0.0
6232,2,650.0,,2017.0,2426.0,344.0,573.0
6236,1,6000.0,,2020.0,486.0,872.0,25018.0
6239,2,521.0,,2019.0,1377.0,101.0,343.0
6243,1,950.0,,2021.0,1360.0,269.0,3035.0
6250,2,338.0,,2020.0,453.0,26.0,99.0
6269,1,1787.0,,2020.0,25.0,6.0,21.0
6275,1,2300.0,,2020.0,1408.0,61.0,1250.0
6278,1,900.0,,2019.0,89.0,3.0,24.0
6284,1,19891.0,,2020.0,1890.0,17155.0,122693.0
6302,1,1568.0,,2020.0,2294.0,610.0,13118.0
6304,1,110.0,,2020.0,11413.0,65.0,0.0
6305,2,338.0,,2020.0,383.0,25.0,105.0
6306,1,2490.0,,2019.0,6874.0,1476.0,271500.0
6307,1,1016.0,,2019.0,3339.0,219.0,992.0
6308,1,1598.0,,2019.0,211.0,792.0,117.0
6311,2,1452.0,,2020.0,495.0,219.0,131.0
6318,1,619.0,,2019.0,48728.0,10440.0,0.0
6320,2,925.0,,2019.0,7397.0,280.0,15150.0
6330,1,5120.0,,2020.0,2002.0,5688.0,0.0
6343,1,7400.0,,2020.0,593.0,255.0,5489.0
6359,2,2420.0,,2020.0,2484.0,218.0,675.0
6367,2,7991.0,,2019.0,5158.0,5959.0,1787.0
6373,2,467.0,,2020.0,434.0,38.0,96.0
6378,2,2252.0,,2019.0,2405.0,334.0,595.0
6392,2,2901.0,,2021.0,2512.0,742.0,0.0
6396,1,0.0,,2019.0,703.0,41.0,0.0
6397,1,7500.0,,2020.0,10550.0,1841.0,0.0
6403,1,26.0,,2019.0,74.0,39.0,0.0
6404,1,400.0,,2019.0,778.0,77.0,0.0
6406,3,500.0,100486.0,2013.0,,,
6408,2,2548.0,,2020.0,535.0,419.0,193.0
6410,1,871.0,,2018.0,4735.0,490.0,4467.0
6416,1,575.0,,2019.0,270.0,20.0,68.0
6428,3,2200.0,572500.0,2019.0,7091.0,475.0,33718.0
6429,2,1803.0,,2020.0,1317.0,642.0,302.0
6444,1,1048.0,,2020.0,1782.0,1628.0,0.0
6464,1,19011.0,,2020.0,80097.0,36848.0,0.0
6465,1,8875.0,,2020.0,78263.0,2105.0,0.0
6471,1,792.0,,2019.0,10811.0,4255.0,2978.0
6477,1,1137.0,,2019.0,855.0,12.0,0.0
6479,1,2442.0,,2019.0,238.0,3040.0,0.0
6501,1,8500.0,,2020.0,14203.0,5507.0,0.0
6505,1,1137.0,,2019.0,7807.0,1076.0,0.0
6509,1,9.0,,2015.0,5.0,235.0,45252.0
6514,1,1053.0,,2020.0,17681.0,63.0,0.0
6517,1,942.0,,2019.0,4029.0,18.0,2102.0
6518,1,10000.0,,2020.0,181635.0,12298.0,0.0
6519,1,1156.0,,2020.0,1672.0,179.0,0.0
6520,5,601.0,,2019.0,713.0,259.0,245.0
6521,1,751.0,,2019.0,54466.0,473.0,0.0
6525,2,440.0,,2017.0,295.0,70.0,0.0
6532,5,750.0,,2017.0,346.0,66.0,0.0
6539,1,766.0,,2020.0,25828.0,110144.0,147636.0
6548,2,941.0,,2019.0,1939.0,5009.0,23877.0
6549,1,510.0,,2019.0,1532.0,708.0,108298.0
6550,1,595.0,,2020.0,2500.0,438.0,0.0
6551,1,458.0,,2017.0,2070.0,638.0,67645.0
6560,1,514.0,,2020.0,5841.0,1069.0,1118.0
6561,2,400.0,,2017.0,776.0,552.0,223.0
6563,2,400.0,,2011.0,756.0,525.0,0.0
6568,1,1330.0,,2019.0,5931.0,507.0,0.0
6574,1,500.0,,2019.0,1536.0,30.0,0.0
6576,1,887.0,,2018.0,4091.0,302.0,0.0
6577,1,621.0,,2018.0,2631.0,195.0,0.0
6584,1,6573.0,,2019.0,14458.0,623.0,184560.0
6585,2,567.0,,2016.0,2925.0,170.0,0.0
6615,1,872.0,,2018.0,1706.0,225.0,456.0
6616,1,1094.0,,2018.0,7363.0,262.0,1967.0
6619,2,1369.0,,2020.0,2632.0,145.0,592.0
6623,1,576.0,,2020.0,14025.0,52.0,3626.0
6628,2,1190.0,,2020.0,1431.0,186.0,339.0
6633,2,4000.0,,2020.0,1024.0,2638.0,769.0
6634,1,663.0,,2019.0,136.0,195.0,5774.0
6635,1,572.0,,2019.0,61.0,1.0,0.0
6642,1,839.0,,2020.0,11314.0,1524.0,0.0
6644,1,2490.0,,2020.0,5892.0,990.0,1631.0
6647,3,4600.0,540000.0,2019.0,21992.0,5596.0,145490.0
6651,1,1374.0,,2019.0,712.0,167.0,84193.0
6654,2,245.0,,2019.0,1257.0,230.0,371.0
6658,1,560.0,,2019.0,5772.0,36.0,0.0
6661,1,679.0,,2019.0,6931.0,51.0,0.0
6662,1,1000.0,,2018.0,788.0,177.0,230.0
6663,1,517.0,,2019.0,7123.0,40.0,0.0
6664,1,84.0,,2020.0,347.0,36.0,4787.0
6666,1,800.0,,2019.0,1927.0,37.0,41906.0
6680,1,538.0,,2011.0,6802.0,406.0,0.0
6686,3,7500.0,1600000.0,2019.0,10750.0,4900.0,66662.0
6690,1,1125.0,,2019.0,7017.0,1405.0,0.0
6698,1,626.0,,2020.0,236.0,137.0,0.0
6705,2,604.0,,2020.0,5.0,2.0,0.0
6708,1,1325.0,,2019.0,778.0,185.0,15068.0
6711,1,10000.0,,2020.0,6232.0,394.0,0.0
6715,5,1400.0,,2012.0,2642.0,184.0,515.0
6718,1,1470.0,,2018.0,16349.0,1867.0,43820493.0
6724,1,1575.0,,2020.0,923.0,220.0,2212.0
6730,3,2930.0,1045271.0,2019.0,14458.0,1628.0,59773.0
6732,1,1189.0,,2020.0,4905.0,3909.0,477584.0
6735,1,580.0,,2018.0,6017.0,521.0,7196.0
6756,1,1126.0,,2020.0,220.0,5.0,46750.0
6766,2,2550.0,,2019.0,1797.0,580.0,539.0
6767,1,491.0,,2020.0,575.0,20.0,776.0
6768,3,1913.0,68126.0,2019.0,3070.0,644.0,952.0
6770,1,1700.0,,2021.0,1506.0,658.0,0.0
6773,1,500.0,,2020.0,750.0,715.0,0.0
6778,2,7643.0,,2020.0,5439.0,895.0,6337.0
6781,3,4491.0,1165000.0,2019.0,8866.0,1045.0,33272.0
6789,1,1430.0,,2020.0,2730.0,45016.0,83007.0
6793,1,2320.0,,2019.0,4006.0,4356.0,0.0
6808,1,3530.0,,2020.0,3284.0,205.0,86504.0
6809,2,794.0,,2020.0,1177.0,87.0,267.0
6814,2,946.0,,2020.0,9556.0,13690.0,14370.0
6815,1,668.0,,2019.0,1644.0,106.0,0.0
6817,1,1487.0,,2020.0,1183.0,5686.0,46546.0
6830,1,5750.0,,2019.0,1854.0,23.0,0.0
6835,1,869.0,,2019.0,1031.0,320.0,398.0
6838,1,1493.0,,2019.0,39.0,1.0,0.0
6845,2,882.0,,2020.0,79404.0,10982.0,39894.0
6846,1,619.0,,2020.0,55003.0,13264.0,0.0
6854,1,660.0,,2019.0,1949.0,147.0,0.0
6856,1,1071.0,,2018.0,934.0,181.0,8307.0
6857,1,1700.0,,2019.0,2113.0,1574.0,972.0
6860,1,900.0,,2020.0,129.0,238.0,5833.0
6867,1,600.0,,2020.0,10.0,3569.0,1144.0
6870,1,10744.0,,2019.0,56058.0,28759.0,2970191.0
6874,5,780.0,,2020.0,2322.0,99.0,0.0
6875,5,1400.0,,2017.0,2281.0,125.0,5858.0
6881,1,815.0,,2019.0,463.0,78.0,0.0
6891,2,1100.0,,2017.0,1155.0,1535.0,62379.0
6897,1,35000.0,,2019.0,25225.0,3741.0,0.0
6914,5,1700.0,,2020.0,1805.0,222.0,403.0
6916,2,300.0,,2012.0,8036.0,3586.0,0.0
6917,2,330.0,,2016.0,6151.0,3538.0,0.0
6918,2,362.0,,2020.0,5279.0,4084.0,0.0
6919,1,1575.0,,2019.0,2688.0,248.0,693.0
6921,2,1550.0,,2020.0,2403.0,90.0,0.0
6938,5,1435.0,,2020.0,1371.0,313.0,0.0
6954,1,4500.0,,2019.0,54221.0,5935.0,72196.0
6960,1,1076.0,,2019.0,1639.0,635.0,0.0
6961,1,1500.0,,2019.0,985.0,286.0,0.0
6967,1,597.0,,2019.0,909.0,352.0,0.0
6968,2,320.0,,2019.0,45.0,243.0,0.0
6974,1,1026.0,,2019.0,22434.0,66.0,5674.0
6977,2,840.0,,2020.0,1516.0,66.0,331.0
6979,2,2333.0,,2019.0,2910.0,433.0,0.0
6989,3,350.0,113000.0,2018.0,,,
6990,3,276.0,66478.0,2019.0,,,
6998,4,400.0,,2019.0,379.0,28.0,1037.0
7005,1,649.0,,2018.0,16315.0,169.0,0.0
7006,1,2000.0,,2020.0,727729.0,24000.0,0.0
7010,2,700.0,,2020.0,19919.0,605.0,0.0
7037,1,700.0,,2020.0,3072.0,232.0,0.0
7038,1,980.0,,2020.0,5121574.0,53303.0,0.0
7042,4,201.0,,2016.0,192.0,11.0,659.0
7046,2,750.0,,2012.0,3921.0,347.0,929.0
7047,1,565.0,,2019.0,7633.0,522.0,2110.0
7050,2,782.0,,2019.0,3371.0,195.0,880.0
7055,1,1000.0,,2019.0,21112.0,2300.0,5577.0
7068,1,520.0,,2020.0,219.0,1419.0,155.0
7070,1,2500.0,,2020.0,10339.0,1521.0,9772.0
7071,1,505.0,,2020.0,5264.0,44.0,0.0
7082,2,264.0,,2020.0,1233.0,52.0,0.0
7090,1,1788.0,,2019.0,539.0,761.0,711348.0
7099,1,286.0,,2020.0,8817.0,31.0,0.0
7102,1,1499.0,,2019.0,6085.0,650.0,0.0
7111,1,3700.0,,2019.0,1441.0,118.0,86916.0
7122,1,12800.0,,2020.0,29184.0,36552.0,843241.0
7125,1,622.0,,2021.0,8430.0,52.0,0.0
7149,1,2000.0,,2019.0,2646.0,840.0,0.0
7158,3,614.0,209360.0,2020.0,17947.0,2010.0,10.0
7159,2,350.0,,2020.0,496.0,17.0,120.0
7161,2,745.0,,2020.0,47617.0,3781.0,313117.0
7176,2,650.0,,2020.0,2211.0,186.0,490.0
7177,1,833.0,,2018.0,10552.0,1515.0,154896.0
7186,1,295.0,,2020.0,2874.0,263.0,638.0
7187,1,933.0,,2020.0,13159.0,6769.0,0.0
7191,1,614.0,,2020.0,245.0,25.0,340.0
7195,3,276.0,78048.0,2020.0,9902.0,255.0,0.0
7196,3,1021.0,59982.0,2020.0,2402.0,577.0,0.0
7197,1,520.0,,2020.0,269.0,184.0,0.0
7203,2,2891.0,,2020.0,2818.0,493.0,750.0
7207,5,581.0,,2020.0,174.0,48.0,2330.0
7209,1,1630.0,,2019.0,692.0,1033.0,0.0
7210,1,800.0,,2018.0,6053.0,1953.0,1716.0
7224,1,945.0,,2019.0,2910.0,202.0,0.0
7226,1,242.0,,2021.0,10484.0,296.0,46390.0
7227,2,650.0,,2020.0,1177.0,93.0,250.0
7230,5,766.0,,2020.0,184.0,68.0,0.0
7234,3,2400.0,134000.0,2020.0,4508.0,2148.0,0.0
7235,2,388.0,,2020.0,574.0,177.0,159.0
7236,5,670.0,,2020.0,1969.0,484.0,0.0
7242,1,2171.0,,2020.0,91.0,2321.0,352512.0
7245,1,2500.0,,2019.0,0.0,30.0,0.0
7251,1,100.0,,2019.0,12556.0,2417.0,0.0
7256,1,100.0,,2019.0,4368.0,1133.0,0.0
7272,2,7000.0,,2020.0,3443.0,3381.0,0.0
7276,3,201.0,70000.0,2017.0,1450.0,157.0,0.0
7301,1,3500.0,,2020.0,154.0,26.0,0.0
7311,1,644.0,,2019.0,2150.0,179.0,0.0
7316,3,300.0,79372.0,2019.0,960.0,249.0,304.0
7320,3,1692.0,289488.0,2020.0,4602.0,267.0,8885.0
7330,1,7346.0,,2020.0,2376.0,742.0,1194.0
7339,1,600.0,,2019.0,0.0,127.0,42858.0
7342,1,4500.0,,2020.0,11602.0,1215.0,71733.0
7343,1,850.0,,2020.0,4581.0,1057.0,0.0
7349,1,1700.0,,2019.0,464056.0,12633.0,0.0
7350,2,2160.0,,2020.0,1125.0,4236.0,0.0
7361,2,948.0,,2019.0,1273.0,354.0,19281.0
7364,1,1600.0,,2019.0,361.0,6.0,1327.0
7373,2,305.0,,2020.0,86481.0,88.0,0.0
7374,2,388.0,,2012.0,725.0,167.0,179.0
7375,1,737.0,,2018.0,787.0,31.0,1872.0
7383,5,3000.0,,2021.0,5691.0,1029.0,1554.0
7384,1,263.0,,2020.0,789.0,175.0,0.0
7393,1,750.0,,2020.0,1883.0,132.0,0.0
7398,1,541.0,,2019.0,91.0,171.0,79855.0
7401,1,1370.0,,2020.0,2113.0,164.0,462.0
7408,2,4200.0,,2015.0,12242.0,2329.0,356.0
7411,3,1600.0,437368.0,2019.0,2320.0,206.0,24154.0
7420,1,15.0,,2020.0,40.0,4.0,4662.0
7422,1,529.0,,2020.0,2149.0,222.0,0.0
7429,1,1900.0,,2019.0,2603.0,946.0,0.0
7431,1,65.0,,2020.0,0.0,48.0,90.0
7436,2,2755.0,,2020.0,2977.0,2715.0,6136.0
7438,3,1613.0,65817.0,2020.0,587.0,2007.0,10291.0
7458,1,1287.0,,2020.0,6734.0,1085.0,1369.0
7459,1,625.0,,2019.0,146.0,165.0,2448.0
7460,1,1046.0,,2020.0,777.0,183.0,0.0
7469,1,1357.0,,2020.0,0.0,46.0,1471.0
7470,5,1700.0,,2020.0,3303.0,618.0,0.0
7476,1,1500.0,,2020.0,37361.0,6632.0,0.0
7478,5,580.0,,2020.0,431.0,51.0,0.0
7479,2,350.0,,2019.0,354.0,313.0,0.0
7493,2,1120.0,,2019.0,276.0,136.0,0.0
7494,3,4961.0,284677.0,2019.0,17158.0,6295.0,15139.0
7500,3,3307.0,500510.0,2019.0,127140.0,12167.0,107396.0
7503,3,1257.0,273579.0,2019.0,7574.0,721.0,1194.0
7505,3,200.0,95000.0,2019.0,3066.0,341.0,0.0
7510,3,65.0,5426.0,2019.0,82.0,14.0,767.0
7512,1,650.0,,2020.0,8813.0,350.0,0.0
7513,1,57.0,,2020.0,52.0,5.0,0.0
7516,1,2980.0,,2020.0,36620.0,9552.0,0.0
7517,1,950.0,,2019.0,0.0,54.0,1940.0
7518,1,616.0,,2020.0,698.0,151.0,0.0
7520,3,6519.0,2024162.0,2017.0,16239.0,2056.0,3582.0
7523,1,658.0,,2020.0,759.0,55.0,346.0
7526,2,2160.0,,2020.0,3890.0,144.0,0.0
7527,2,2160.0,,2016.0,4079.0,351.0,0.0
7530,1,516.0,,2019.0,995.0,247.0,0.0
7532,5,586.0,,2019.0,965.0,109.0,0.0
7533,3,1068.0,49635.0,2019.0,1676.0,480.0,602.0
7534,2,639.0,,2020.0,3429.0,2429.0,1801.0
7536,1,80.0,,2020.0,14975.0,544.0,3426.0
7541,3,2300.0,116581.0,2019.0,2625.0,1978.0,0.0
7542,2,1050.0,,2020.0,140.0,7404.0,1490.0
7553,2,2141.0,,2020.0,1777.0,656.0,0.0
7554,1,826.0,,2020.0,8872.0,0.0,0.0
7558,1,1089.0,,2020.0,1713.0,866.0,3453.0
7568,2,1002.0,,2020.0,249.0,2655.0,568.0
7569,1,405.0,,2020.0,294.0,45.0,0.0
7570,1,606.0,,2020.0,813.0,310.0,326.0
7572,2,2406.0,,2020.0,3330.0,314.0,735.0
7576,1,700.0,,2019.0,12647.0,1375.0,0.0
7577,1,9134.0,,2020.0,15851.0,35389.0,280232.0
7578,1,560.0,,2019.0,24596.0,1454.0,0.0
7588,1,612.0,,2020.0,439.0,110.0,57004.0
7594,1,1306.0,,2019.0,1141.0,120.0,28563.0
